6144,ADONI,Kurnool,Adoni,ANDHRA PRADESH,0101000020E6100000A973F4B7015153409291212EDE3E2F40
6145,ANAKAPALLI,Anakapalle,Anakapalle,ANDHRA PRADESH,0101000020E61000008398F3D733C15440332C4455D0B03140
6367,ANANTHAPURAMU,Ananthapuramu,Anantapuramu,ANDHRA PRADESH,0101000020E6100000A066F4C1E1665340B04FAB1E19652D40
6368,BOBBILI APMC,Vizianagaram,Balijipeta,ANDHRA PRADESH,0101000020E6100000228A732CB2D75440AE4DFF19EF933240
6369,CHILAKALURIPET APMC,Palnadu,Chilakaluripeta,ANDHRA PRADESH,0101000020E6100000F6E468A7A80A54403D22061F2B193040
6370,DENDULURU,Eluru,Denduluru,ANDHRA PRADESH,0101000020E6100000ABDEF3BF774A5440F7B8658B0BC23040
6371,DUGGIRALA,Guntur,Duggirala,ANDHRA PRADESH,0101000020E6100000E562364616285440B16902AA6C533040
6372,ELURU,Eluru,Eluru,ANDHRA PRADESH,0101000020E61000002DE0F3120A475440560B29CE6CB53040
6373,GOPALAPURAM,West Godavari,Gopalapuram,ANDHRA PRADESH,0101000020E6100000C7CF73DDA362544054CC61E0CD1A3140
6374,GUNTUR,Guntur,Guntur,ANDHRA PRADESH,0101000020E6100000996956DD3C1D54404EB88CF5464B3040
6375,GURRAMKONDA,Annamayya,Gurramkonda,ANDHRA PRADESH,0101000020E6100000996956DD3C1D54404EB88CF5464B3040
6376,HINDUPUR,Sri Satyasai,Sri Satyasai,ANDHRA PRADESH,0101000020E61000004D6BF494D95F53400D59BBDBC5A12B40
6377,ICHAPURAM APMC,Srikakulam,Ichchapuram,ANDHRA PRADESH,0101000020E6100000A257F312E82B5540A4B0519AA81D3340
6378,JAGGAYYAPET APMC,NTR,Jaggayyapeta,ANDHRA PRADESH,0101000020E61000003107F4CA740654404F94D58E83E63040
6379,KADAPA,YSR Kadapa,Kadapa,ANDHRA PRADESH,0101000020E6100000F437F4D812B55340F82C2931A4F82C40
6380,KALIKIRI,Annamayya,Valmikipuram,ANDHRA PRADESH,0101000020E610000072FFCBF9CFA8534062249EC7074C2B40
6381,Kalyandurg,Ananthapuramu,Ananthapuramu,ANDHRA PRADESH,0101000020E61000005079F4A83847534004B57D87A51E2D40
6382,KURNOOL,Kurnool,Kallur,ANDHRA PRADESH,0101000020E61000004756F439D6815340204C59B359A72F40
6383,MADANAPALLE,Annamayya,Madanapalle,ANDHRA PRADESH,0101000020E61000006C7CFEDD58A05340275BF604F8192B40
6384,PALAMANER,Chittoor,Palamaner,ANDHRA PRADESH,0101000020E61000003073A5450DB05340DFC04B70AD662A40
6385,PARCHUR APMC,Bapatla,Parchuru,ANDHRA PRADESH,0101000020E61000009100F4512E1154405AD2876AB2EC2F40
6386,PATTIKONDA,Kurnool,Pattikonda,ANDHRA PRADESH,0101000020E61000001D6AF44CD56053402C74421062C62E40
6387,PIDUGURALLA,Palnadu,Piduguralla,ANDHRA PRADESH,0101000020E610000008D07D09ECF753406455E05DFC7A3040
6388,PUNGANUR,Chittoor,Madanapalle,ANDHRA PRADESH,0101000020E6100000A6417A1DD1A45340FBBBA7F004BF2A40
6389,RAPUR,SPSR Nellore,Podalakur,ANDHRA PRADESH,0101000020E61000001D6AF44CD56053402C74421062C62E40
6390,RAVULAPALEM APMC,Dr BR Ambedkar Konaseema,Ravulapalem,ANDHRA PRADESH,0101000020E6100000D7247CCEEB755440B51B1C80F9C23040
6391,RAYADURG APMC,Ananthapuramu,Rayadurg,ANDHRA PRADESH,0101000020E6100000DC82F479FF3653409D9DD3C5B26A2D40
6392,SATTENAPALLE APMC,Palnadu,Sattenapalle,ANDHRA PRADESH,0101000020E61000009604F4F1FE09544038DDE199EF643040
6393,TADIKONDA APMC,Guntur,Tadikonda,ANDHRA PRADESH,0101000020E6100000E2F9F3AC121D54401BA3194B1D6B3040
6394,TENALI,Guntur,Tenali,ANDHRA PRADESH,0101000020E610000065F3F3CD5E285440A410D885B43D3040
6395,VEMURU BHATTIPROLU,Bapatla,Bhattiprolu,ANDHRA PRADESH,0101000020E610000096EC73BA333254409B80F1C98C1A3040
6396,VIZIANAGARAM APMC,Vizianagaram,Vizianagaram,ANDHRA PRADESH,0101000020E61000005E88F3D7FCD9544088891867FB1F3240
6397,YEMMIGANUR,Kurnool,Kurnool,ANDHRA PRADESH,0101000020E6100000F86BF4412E5E534073001F58908B2F40
12871,AMBIKAPUR,Surguja ,Ambikapur,CHHATTISGARH,0101000020E61000000EE3C9C91FC654405122D3EB60203740
12872,ARIYALUR,Ariyalur,Udayarpalayam,TAMIL NADU,0101000020E61000006864462E6EC353401F1A715C21472640
12873,MANAPPARAI,Tiruchirappalli ,Manapparai,TAMIL NADU,0101000020E6100000265E5441FB975340EA4B25F2133D2540
12874,CHAWMANU,Dhalai,Longtharai Valley,TRIPURA,0101000020E6100000BD0D7BEB0DFE5640ABD0402C9BD93740
12875,KIPHIRE,Kiphire ,Pungro,NAGALAND,0101000020E61000000B348E47DFB05740180B9E9D67DD3940
12876,GOPIGANJ,Bhadohi ,Gyanpur,UTTAR PRADESH,0101000020E6100000BC6EB65E789A5440ACC5A70018493940
12877,BAHJOI,Sambhal,Chandausi,UTTAR PRADESH,0101000020E6100000B304BE47A2A75340AFAB6E9AE3633C40
12878,PUDUPALAYAM,Cuddalore,Cuddalore,TAMIL NADU,0101000020E61000007D02CD8C23B85340B875374F75B82840
12879,MONDAY MARKET,Kalkulam,Eraniel,TAMIL NADU,0101000020E61000003FD69D38CA525340769208E819662040
12880,VEPPUR,Perambalur,Veppanthattai,TAMIL NADU,0101000020E6100000A2808A36C9C45340D221CBDD421A2740
12881,PENNAGARAM,Dharmapuri,Pennagaram,TAMIL NADU,0101000020E6100000940156FD8076534049EFC0A508452840
12882,DUDU,Jaipur,Mauzamabad,RAJASTHAN,0101000020E6100000649B0AA73BCE5240F403B23275AE3A40
12883,VADUVUR,Thiruvarur,Mannargudi,TAMIL NADU,0101000020E6100000862D872785D5534019671D9FDA6A2540
12884,VELLANKOIL,Erode ,Gobichettipalayam,TAMIL NADU,0101000020E6100000A2B8E34D7E5E53401C5B74571BC02640
12885,BACHAIBARI,West Tripura,Khowai ,TRIPURA,0101000020E610000069A9BC1D61EB5640AA52697A3F1C3840
12886,ATPADI,Sangli ,Atpadi,MAHARASHTRA,0101000020E610000046DDBD921ABC5240FD474B8A346C3140
12887,UTHIRAMERUR,Kanchipuram,Uthiramerur,TAMIL NADU,0101000020E61000008845B18199F053405A619FA5D03A2940
12888,TULJAPUR,Osmanabad,Tuljapur,MAHARASHTRA,0101000020E6100000925ED4EE570353409E2C1098E2013240
12889,ANDIPATTI,Theni,Andipatti ,TAMIL NADU,0101000020E6100000F583BA4821665340E42B26DB65002440
12890,ARNOD,Pratapgarh ,Arnod,RAJASTHAN,0101000020E6100000424E4EA37FB15240F1660DDE57E33740
12891,KHANDAR,Sawai Madhopur,Khandar,RAJASTHAN,0101000020E61000009CECB0D359255340A3AB19BE2A023A40
12893,CHITTODE,Erode ,Erode,TAMIL NADU,0101000020E6100000E82C584FD269534064CE8EAF98CC2640
12894,BHINGA,Shravasti,Bhinga,UTTAR PRADESH,0101000020E6100000F34E4F698E7A54400BC8A87C19B43B40
12896,KATGHORA,Korba ,Katghora,CHHATTISGARH,0101000020E61000003A78263449A054406CC6B31545813640
12897,KALAMB(Dharashiv),Dharashiv ,Kalamb,MAHARASHTRA,0101000020E6100000987B9285797C52402CD7DB662A0C3340
12898,TIRUVANNAMALAI,Kalasapakkam,Polur,TAMIL NADU,0101000020E61000004AC33A9FCBC15340BF3D192D517B2840
12899,MUTHUR,Erode ,Erode,TAMIL NADU,0101000020E6100000CB417518B86D5340641CC81FB1162640
12900,TIBBI,Hanumangarh ,Tibbi,RAJASTHAN,0101000020E61000002458665B979F5240D5FA6C2E488E3D40
12901,SIDHI ,Sidhi,Gopadbanas,MADHYA PRADESH,0101000020E6100000859A7C0E07765440C2CBC28D4A663840
12902,NAHARGARH,Mandalgarh,Suras,RAJASTHAN,0101000020E610000052C6095D53355340234097BA75EC3840
12903,CHARKHARI,Mahoba ,Charkhari,UTTAR PRADESH,0101000020E61000007C98BD6CBBEE53403D258C0BAC663940
12904,MANJHANPUR,Kaushambi,Manjhanpur,UTTAR PRADESH,0101000020E6100000489E9042FE565440B79E7CD525883940
12905,RAIRAKHOL,Rairakhol,Rairakhol,ODISHA,0101000020E6100000409AFBF5541555407568A219D50B3540
12907,PACHAAR (Pach Har),Pulwama,Pulwama,JAMMU AND KASHMIR,0101000020E6100000FD3E2D509CB55240506738AFFBE94040
12908,ETTAYAPURAM,Ettayapuram,Sindhalakarai,TAMIL NADU,0101000020E6100000803D0DB579815340339F18FE785C2240
12909,TIRUTTANI,Tiruttani,Tiruttani,TAMIL NADU,0101000020E610000094D519845EE4534051A4FB3905592A40
12910,OSIAN MATHANIA,Jodhpur,Osian,RAJASTHAN,0101000020E6100000C528BE904437524013EE9579ABBA3A40
12911,KOVILPATTI,Kovilpatti,Kovilpatti,TAMIL NADU,0101000020E61000004182E2C7987753406002B7EEE6592240
12912,SATTUR,Virudhunagar ,Terku Chinnagollapatti,TAMIL NADU,0101000020E6100000EDB94C4D827A5340B2F50CE198B92240
12913,VALLAM,Thanjavur,Thanjavur,TAMIL NADU,0101000020E610000091C481461FC45340737511F0B56D2540
12914,ILUPPUR,Pudukkottai,Pallakkudi,TAMIL NADU,0101000020E6100000092241A756A55340064C3B9050062540
12915,KEONJHAR,Kendujhar ,Champua,ODISHA,0101000020E6100000B9BC83E94561554031CB434BC3A53540
12916,TIRUCHIRAPALLI,TIRUCHIRAPPALLI,TIRUCHIRAPPALLI,TAMIL NADU,0101000020E6100000535DC0CB8CA153405908BCDDDCA12540
12917,TIJARA,Tijara,Tijara,RAJASTHAN,0101000020E610000071106388D2335340368EFDD1DCEF3B40
12918,SOJAT CITY,Pali ,Sojat,RAJASTHAN,0101000020E610000082EC50A8826852402E484442A5ED3940
12919,KATTUPUTHUR,Thottiyam,V.S.Nagar,TAMIL NADU,0101000020E6100000E8BDB53CA48D53408E250747240D2640
12920,LALGANJ,Pratapgarh,Lalganj,UTTAR PRADESH,0101000020E6100000F8DC8D2E446A5440F3EDB83C31FE3940
12921,SIKRI,Sikhri Tehsil,Sikri,RAJASTHAN,0101000020E6100000C0098508B84453400B163DA6A4933B40
12922,KRISHNAGIRI,Krishnagiri ,Denkanikottai,TAMIL NADU,0101000020E6100000F6EBB1A199805340A5CF5845C9072940
12923,TSEMENYU,Tseminyu,Tseminyu Circle​,NAGALAND,0101000020E61000005C5430CF6F8C5740B977C36CB8EC3940
12924,DATAGANJ,Badaun,Dataganj ,UTTAR PRADESH,0101000020E61000001E2C4AA6D6D553409CD77D6C37EB3B40
12925,CHOHTAN,Chohtan Tehsil,Chohtan,RAJASTHAN,0101000020E610000087BE60DC32C3514053F5E10FF57B3940
12926,PAHARI,Bharatpur,Pahari,RAJASTHAN,0101000020E6100000123DDF0500445340DF03CF1841B63B40
12927,KAVINDAPADI,Erode ,Bhavani,TAMIL NADU,0101000020E6100000CF75D0DB0E61534031BB82C87DDA2640
12928,GARJEE,Matarbari,Udaipur,TRIPURA,0101000020E6100000D464C6DBCADF56405DE0F258336E3740
12929,LONGLENG,Yongnyah,Niam,NAGALAND,0101000020E6100000A2FF2FE8CEB25740955C6A29C57D3A40
12930,KILVELUR,Nagapattinam ,Killukudi,TAMIL NADU,0101000020E61000009C864D092DEE5340B02CE285BE892540
12931,BHUSAWAR,Bharatpur,Weir,RAJASTHAN,0101000020E6100000DC831090AF485340E31126D6F3033B40
12932,JAMPUIJALA,Jampuijala,Takarjala,TRIPURA,0101000020E610000024264D28E9DA56402F19220269B63740
12933,SAMRANIYA,Baran ,Shahbad ,RAJASTHAN,0101000020E61000001B690476904053409DA3E9471E253940
12934,BEMETARA,Bemetara,Saja,CHHATTISGARH,0101000020E6100000D5F985913D5C5440978A32C0AAAD3540
12935,DUSI,Tiruvannamalai,Cheyyar,TAMIL NADU,0101000020E6100000EA6FAE06CDEA53409D22D115B68C2940
12936,SUNGUVARCHATRAM,Kanchipuram,Sunguvarchatram,TAMIL NADU,0101000020E6100000CC64935742F85340B6F81400E3D92940
12937,DIBAI,Debai,Dibai,UTTAR PRADESH,0101000020E6100000D0622992AF9053405307793D98343C40
12938,THALAVADI,Erode ,Thalavadi,TAMIL NADU,0101000020E6100000B9686DBFE1425340B79091FD3D542740
12939,KANKER,Kanker ,Kanker,CHHATTISGARH,0101000020E61000008C214AC5905F5440E523CE2FEF443440
12940,KARAMADAI,Mettupalayam,Karamadai,TAMIL NADU,0101000020E6100000F25AAE23333C5340D99B734B067B2640
12941,UTHANGARAI,Krishnagiri,Uthangarai,TAMIL NADU,0101000020E610000036A010C79B9F5340B47F5479F18C2840
12942,VALATHI,Villupuram,Gingee,TAMIL NADU,0101000020E61000004A5C6CFF6FD75340EE7D05C47FB12840
12943,RUDAULI,Rudauli,Rudauli,UTTAR PRADESH,0101000020E6100000A01CA25D876D544039EC63AA05BA3A40
12944,KUSHI NAGAR,Kushinagar,Kasia​,UTTAR PRADESH,0101000020E61000005B4D8D8642F85440F997EEBFDFBD3A40
12945,BEHROR,Behror,Behror,RAJASTHAN,0101000020E6100000153D4BEB4A12534096CA8058DBE33B40
12946,HOSUR,Krishnagiri,Hosur,TAMIL NADU,0101000020E61000008BF3812EAB7453408712D2BFC96F2940
12947,SULUR,Sulur,Kannampalayam,TAMIL NADU,0101000020E6100000AA05BCED7E465340977A713D65FA2540
12948,CHANDPUR,Chandpur,Chandpur,UTTAR PRADESH,0101000020E610000041DC0F57929253409B2386787F243D40
12949,THONDAMUTHUR,Coimbatore South,Thondamuthur,TAMIL NADU,0101000020E61000008A17B089F135534031ED9BFBABFB2540
12950,CHIRGAON,Tahrauli,Chirgaon,UTTAR PRADESH,0101000020E6100000FF6959AD02B453405E5A1EB5D3923940
12951,ALANGULAM,Alangulam,Alangulam,TAMIL NADU,0101000020E61000006F0CA6063F5F5340898BEDFF2DB82140
12952,CONNOOR,Connoor,Wellington Cantonment,TAMIL NADU,0101000020E6100000FA36B34CF5315340FE96A542E1B82640
12953,MELAGHAR,Melaghar Urban,Melaghar,TRIPURA,0101000020E61000008544DAC61FD556407CCBE6BBA57E3740
12954,MANGALAMAMANDOOR,Tiruvannamalai,Vandavasi,TAMIL NADU,0101000020E6100000ADC1FBAADC64534070815F7E02EF2940
12955,THATHAIYANGARPETTAI,Thuraiyur,Murukur,TAMIL NADU,0101000020E610000049861C5B4F9B5340A174D8333A3E2640
12956,UTTARIPURA,Kanpur Dehat,Akbarpur,UTTAR PRADESH,0101000020E61000009D514E0FE5115440E2AE5E45467D3A40
12957,KADAMBUR,Kovilpatti,Kadambur,TAMIL NADU,0101000020E6100000C60ECFB72A77534007F6F301DCFF2140
12958,PUGAL ROAD,Bikaner,Bikaner,RAJASTHAN,0101000020E61000000B8E1E0154545240BF3AD8AC44073C40
12959,MUKHIGUDA,Jayapatna,Mukhiguda,ODISHA,0101000020E6100000E100440B9AB65440186426ACE8703340
12960,BUMHAMA,Kupwara,Kupwara,JAMMU AND KASHMIR,0101000020E6100000177BD404769052405453927538414140
12961,POONTHOTTAM,Valangaiman,Poonthottam,TAMIL NADU,0101000020E61000008C2661F0FAD85340888043A852A72540
12962,GOVINDGARH,Chomu ,Govindgarh,RAJASTHAN,0101000020E61000000BEA002D82985240B3B85A82E7733A40
12963,THAMMAMPATTI,Gangavalli,Thammampatti,TAMIL NADU,0101000020E610000053F06F2B189F5340E09744076EE22640
12964,RURA,Akbarpur,Rura,UTTAR PRADESH,0101000020E6100000EF703B34ACF95340F47002D3697D3A40
12965,VEDHARANYAM,Kilvelur,Sadayan Kottagam,TAMIL NADU,0101000020E6100000D7110BA584F35340370AFFD8DA252540
12966,DHORIMANNA,Dhorimanna Tehsil,Dhorimanna,RAJASTHAN,0101000020E61000001564158010DC51401A41199936343940
12906,AVINASHI,Tiruppur,Avinashi,TAMIL NADU,0101000020E61000004D3FA88B14515340BB4E8935A6612640
10839,GANGAPUR-RJ,Bhilwara,Gangapur,RAJASTHAN,0101000020E61000003089F44D902C53403F5EE0FCE7813A40
10603,NASHIK,Nashik,Nashik,MAHARASHTRA,0101000020E61000001EB8A591E17252403679C42E9E073440
13084,TELHARA,Akola,TELHARA,MAHARASHTRA,0101000020E6100000BF130E187F375340795D1A1AAA093540
12134,GARAURA,Jaunpur,Gadaura,UTTAR PRADESH,0101000020E6100000624216B3EF9654406F2F698CD6713940
12135,MALEGAON,Nashik ,Malegaon Taluka,MAHARASHTRA,0101000020E61000003D3377E393A15240FD0BA947BF8E3440
12136,GANDACHERRA,Dhalai,Gandacherra,TRIPURA,0101000020E6100000234097BA75F456403291D26C1E9B3740
10562,GANGAPUR,Aurangabad,Gangapur Tehsil,MAHARASHTRA,0101000020E6100000334497DF21C052402E34D4F783B43340
12999,SAONER,Nagpur,SAONER,MAHARASHTRA,0101000020E610000071E7FBA9F1BA53406D567DAEB6623540
13011,BABHULGAON,Chhatrapati Sambhajinagar,Chhatrapati Sambhajinagar,MAHARASHTRA,0101000020E6100000E502E154353F5340CB2B7C22F4DC3340
13012,WAI,Viluppuram,Marakanam,MAHARASHTRA,0101000020E61000003999B85510785240F6083543AAF23140
13013,ARMORI DESAIGANJ,Gadchiroli,Armori,MAHARASHTRA,0101000020E6100000235C12B1D2FC534034F6251B0F783440
13014,KALIYAKAVILAI,Kanyakumari,Vilavancode,TAMIL NADU,0101000020E610000038DFE3A7CC4A5340248BEA63F4AA2040
13015,UMARGA,Osmanabad,Umarga,MAHARASHTRA,0101000020E61000001B6899A06127534000B3D6AB23D63140
13086,NARSINGPUR,Narsinghpur,Narsinghpur,MADHYA PRADESH,0101000020E61000009882DA14B4CD5340270DDA50D6F03640
13088,MEHEKAR,Buldana,Mehekar,MAHARASHTRA,0101000020E61000000A2E56D4602453404A0C022B87263440
12975,SENGAON,Hingoli,Sengaon,MAHARASHTRA,0101000020E61000008D7C5EF1D4325340BD3AC780ECD13340
12976,CHANDWAD,Washi,Chandwad,MAHARASHTRA,0101000020E6100000889CBE9EAFE8524094BF7B478D993240
12977,BAGHTY APMC,Wokha,Baghty,NAGALAND,0101000020E6100000AF94658863895740151DC9E53F143A40
12978,DABLIRATHAN,Hanumangarh Tehsil,DABLIRATHAN,RAJASTHAN,0101000020E6100000C6FA0626378C524055DB4DF04D8B3D40
12979,MOOTHUR,Tiruppur,Kangeyam,TAMIL NADU,0101000020E6100000F7065F984C6553407C61325530EA2540
12980,PACHAAR,Pulwama,Pulwama,JAMMU AND KASHMIR,0101000020E61000004CA60A4625B9524048E17A14AEEF4040
12981,BHUSAWAR VEIR,Bharatpur,Bhusawar,RAJASTHAN,0101000020E6100000B37BF2B05043534027A089B0E1093B40
12982,SAMRANIA,Shahbad Tehsil,SAMRANIA,RAJASTHAN,0101000020E610000086A92D75904053402026E1421E253940
13004,CHHATRAPATI SAMBHAJINAGAR,Chhatrapati Sambhajinagar,Chhatrapati Sambhajinagar,MAHARASHTRA,0101000020E610000093832392B2D55240A8FDD64E94E03340
13005,MARAKKANAM,Viluppuram,Marakanam,TAMIL NADU,0101000020E6100000697EEB796DFC5340C5701A4751642840
13079,KALAMB (DHARASHIV),Dharashiv,Kalamb,MAHARASHTRA,0101000020E6100000DAACFA5C6D015340DE02098A1F933240
13080,PARLI VAIJNATH,Beed,Parli Vaijnath,MAHARASHTRA,0101000020E610000052B81E85EB2153409A99999999D93240
13081,AMRAVATI,Amravati,Amravati,MAHARASHTRA,0101000020E610000014D044D8F070534005A3923A01ED3440
13082,MALKAPUR,Buldhana,Malkapur,MAHARASHTRA,0101000020E61000007E8CB96B090D534016FBCBEEC9E33440
12995,AKLUJ,Solapur District,Akluj,MAHARASHTRA,0101000020E6100000C690F7054FC15240339AA6199CE43140
12996,DHARAMSHALA ,Kangra,"",HIMACHAL PRADESH,0101000020E61000003B3D4A8075145340DFF3684F6E1B4040
12997,GANGAPUR-MH,Chhatrapati Sambhajinagar District,Gangapur,MAHARASHTRA,0101000020E61000003EE76ED7CBC0524096671481A0B23340
13035,CHOPDA,Chopda,Chopda,MAHARASHTRA,0101000020E61000005ABC581822D352407007EA94473F3540
13036,ARNI,Arni,Arni,MAHARASHTRA,0101000020E610000048DE3994A17F5340C3A04CA3C90D3440
13037,SINNAR,Sinnar Taluka,Sinnar,MAHARASHTRA,0101000020E6100000C4CDA96400805240D7D9907F66D83340
13038,UMRED,Umred,Umred,MAHARASHTRA,0101000020E610000022C32ADEC8D45340D5B0DF13EBD83440
12266,DHARAMSHALA,Kangra,Shyam Nagar,HIMACHAL PRADESH,0101000020E61000003A3D4A8075145340E2F3684F6E1B4040
12247,KOTDWAR,Kotdwara,Kotdwar,UTTARAKHAND,0101000020E6100000A59EAAE749A1534016E52DB2F8BE3D40
12248,MANOHAR THANA,Manoharthana Tehsil,Manoharthana,RAJASTHAN,0101000020E6100000D98DE32C9133534056E2F038FB3B3840
12249,MUNGRA BADSHAHPUR,Machhlishahr,Mungra Badshahpur,UTTAR PRADESH,0101000020E610000000BFEBD82D8C5440E62CA2DC6CA83940
12250,MOHANGARH,Jaisalmer Tehsil,Shri Mohangarh,RAJASTHAN,0101000020E61000002A78657245CF5140D5E4CEF176493B40
12251,MANGLOUR,Haridwar,Roorkee,UTTARAKHAND,0101000020E61000009C33A2B4377853400A68226C78CA3D40
12252,MYLAMAPADI,Dakshina Kannada,Mangaluru,TAMIL NADU,0101000020E6100000D3911271A9B35240B910F5CCDCE92940
12253,VILATHIKULAM,Vilathikulam,Kammapatti,TAMIL NADU,0101000020E6100000354FA6B8C78C53400AF0822D1B562240
12254,KALUGUMALAI,Kovilpatti,Kalugumalai,TAMIL NADU,0101000020E6100000D281F634F16C5340217134EC9C4B2240
12255,BISHALGARH,Bishalgarh,Bishalgarh,TRIPURA,0101000020E610000054368B9B83D25640B7DDBA511AA93740
12256,KARUMANDURAI,Attur,Karumandurai,TAMIL NADU,0101000020E61000000A80965327A85340944C4EED0CA72740
12257,PAYAGPUR,Bahraich,Payagpur,UTTAR PRADESH,0101000020E61000000069A44AB972544039A572C927663B40
12258,TULI,Mokokchung,Tuli,NAGALAND,0101000020E61000003A9CAF4802AA574009AE4DBE34A63A40
12259,KAVERIPAKKAM,Arakonam,Kaveripakkam,TAMIL NADU,0101000020E610000040C461C499DD5340BA02C067DAD02940
12260,MYLAMPADI,Erode,Bhavani,TAMIL NADU,0101000020E61000005D6DC5FEB26B53402575029A08FB2640
12261,MAHRONI,Lalitpur​,Mahroni,UTTAR PRADESH,0101000020E61000002AFA098845B15340E271F673AF893840
12262,MANGKOLEMBA,Mangkolemba,Woromong,NAGALAND,0101000020E610000090779A0E559A5740FB0B981B676F3A40
12263,DHARAPURAM,Dharapuram,Dharapuram,TAMIL NADU,0101000020E6100000F0A1E991AB615340F74E16084C792540
12264,JAYAL,Jayal Tehsil,Jayal,RAJASTHAN,0101000020E61000000348C89BD78B5240EA5E82AED8383B40
12265,CHENGAM,Tiruvannamalai​,Chengam,TAMIL NADU,0101000020E61000009849BB6E1DB853408F15A17D51B32840
12267,GURSARAI,Garautha,Gursarai,UTTAR PRADESH,0101000020E6100000390A1005B3CB534064F327E08D9D3940
12268,ANDIMADAM,Andimadam,Savaraveli,TAMIL NADU,0101000020E6100000168C6387A5D65340D8576831C2A12640
12269,YUSUFPUR,Mohammadabad,Mohammadabad,UTTAR PRADESH,0101000020E6100000FDD5880563F05440433C122F4F9F3940
12270,JALUKIE,Peren,Jalukie,NAGALAND,0101000020E61000002F8ABBCD9D6E5740C51B3E8E8B9E3940
12271,NIULAND,Niuland,Nihokhu,NAGALAND,0101000020E61000008097DF8AC07A5740BFA48C13BAD93940
12272,MANAWAR,Dhar,Manawar,MADHYA PRADESH,0101000020E61000009E1ABB8611E35240812CFAF9A5CF3540
12273,TRICHENGODE,Namakkal​,Tiruchengode,TAMIL NADU,0101000020E6100000FE0E45813E795340A67EDE54A4C22640
12274,PHEK,Phek,Sakraba,NAGALAND,0101000020E6100000B367C7F46198574048911040C5A63940
12275,KINATHUKADAVU,Pollachi,Kondampatti,TAMIL NADU,0101000020E61000004E14D7E7A04153401BE8EB4328A82540
12276,ANUPSHAHAR,Gunnaur,Gawan,UTTAR PRADESH,0101000020E61000004DE417983494534091D9F6C993633C40
12277,MANNACHANALLUR,Tiruchirappalli,Manachanallur,TAMIL NADU,0101000020E61000002BA1BB24CEAE5340637D03931BFD2540
12278,JASRA,Bara,Bara,UTTAR PRADESH,0101000020E610000019E3050938725440D21C59F965483940
12279,ALANGIYAM,Dharapuram,Alangiyam,TAMIL NADU,0101000020E6100000776E3546C65F53408FAA2688BA4F2540
12280,VANAPURAM,Thandrampet,Vanapuram,TAMIL NADU,0101000020E6100000774B72C02EC15340DF8728CBB5352840
12281,THOOTHUKUDI,Thoothukudi,Ottapidaram,TAMIL NADU,0101000020E6100000CF3E24B69A7F53408FBAE70A00B12140
12282,THODUVATTI,Tiruchirappalli,Thottiyam,TAMIL NADU,0101000020E61000005DDC460378A75340AEB6627FD95D2640
12283,THIRUTHURAIPOONDI,Thiruthuraipoondi,Thiruthuraipoondi,TAMIL NADU,0101000020E6100000649FB6FCF6E853406E2013DF3F102540
12284,KARUR,Karur,Krishnarayapuram,TAMIL NADU,0101000020E61000000EAEEBDD8098534087DB46A8BEA42540
12285,TISAYANVILAI,Tirunelveli,Tisayanvilai,TAMIL NADU,0101000020E6100000ACCD1849AF7253400F92AA926DB52040
12286,BHAGWANPUR,Dehradun,Thano,UTTARAKHAND,0101000020E610000098A7CEFE9B8D534018F08D7CB9403E40
12287,SARAIPALI,Saraipali Tahsil,Saraipali,CHHATTISGARH,0101000020E610000025F8F0764EC05440405A52A4B1503540
12288,PALACODE,Palakkodu,Palacode,TAMIL NADU,0101000020E6100000857E0118AA84534091EAE005B69B2840
12289,OOTY,Udhagamandalam,Udhagamandalam,TAMIL NADU,0101000020E610000024DC1AC7FE2C53401BA1FA624AD32640
12290,AHIRAURA,Mirzapur,Mirzapur,UTTAR PRADESH,0101000020E61000001B2FDD2406C154404E62105839043940
12291,JHINJHAK,Derapur,Jhinjhak,UTTAR PRADESH,0101000020E6100000686A23E8F9EE534035C3578517903A40
12292,JASHPUR,Jashpur,Kunkuri,CHHATTISGARH,0101000020E61000001314DC9B21FE544017B6662B2FC53640
12293,PERUMBALUR,Perambalur,Perambalur,TAMIL NADU,0101000020E610000000E5EFDE51B85340F6285C8FC2752640
12294,OMALUR,Omalur,Omalur,TAMIL NADU,0101000020E610000026ACE86A068353402D6B5155577C2740
10203,UNA APMC,Gir Somnath,Una,GUJARAT,0101000020E61000000162F59B53C251402B0DA45EBCD03440
12295,DASDA,Dasda,Gachirampara,TRIPURA,0101000020E61000000D088408FE0C5740B8F41E1D0DEB3740
12296,AONLA,Aonla,Paul Pothen Nagar,UTTAR PRADESH,0101000020E61000008A332B80CECA5340C23BAF67BE4B3C40
12297,KHATOLI,Uniara Tehsil,Khatoli,RAJASTHAN,0101000020E6100000EA8722EE7B0453402B93D04CE6DE3940
12298,BIRAMAHARAJPUR,Subarnapur ,Biramaharajpur,ODISHA,0101000020E61000007B306B5A10005540BCA24A8391F23440
12299,SEVUR,Avanashi,Sevur,TAMIL NADU,0101000020E6100000D5CDC5DFF64E5340378F1E1A71802640
12300,BISWAN,Sitapur,Biswan,UTTAR PRADESH,0101000020E6100000576E92B415455440F8C03346908C3B40
12301,SATHANKULAM,Sathankulam,Sathankulam,TAMIL NADU,0101000020E610000060AD1C52F37953400A647616BDE32040
12302,CHAMPUA,Champua,Champua,ODISHA,0101000020E6100000781DFD7173655540CC8580327C013640
12303,NILGIRI,Baleshwar Sadar,Khannagar,ODISHA,0101000020E6100000D9FEDF22C1B655406BDF92D2226D3540
12304,CHAMPAKNAGAR,Mandai,Champaknagar,TRIPURA,0101000020E610000031618FE44DDF5640C6579643E6CD3740
12305,SHIKARPUR,Shikarpur,Shikarpur,UTTAR PRADESH,0101000020E6100000555AF3A113845340C0C69A36883B3C40
12306,JASWANTNAGAR,Jaswantnagar,Jaswantnager West,UTTAR PRADESH,0101000020E6100000FE1B6ACA04B8534049522D7D43E33A40
12307,BANSUR,Bansur Tehsil,Bansur,RAJASTHAN,0101000020E6100000A0B3BBF6BB165340CB72C8BC44AF3B40
12308,PUDUR,Kumarapalayam,Pudur,TAMIL NADU,0101000020E61000001CDB21B4D47053406E2F0ED363C82640
12309,SENJERI MALAIYADIPALAYAM,Coimbatore,Sultanpet,TAMIL NADU,0101000020E6100000E8052D7E684C5340A98A878EA7AB2540
12310,GHATASHI,Ghathashi,Ighanumi,NAGALAND,0101000020E61000002598C51F2095574086877A0B35DA3940
12311,COIMBATORE,Coimbatore North,Ward 25,TAMIL NADU,0101000020E6100000BA2C26369F3D53406F83DA6FED002640
12312,DHARMAPURI,Dharmapuri,Dharmapuri,TAMIL NADU,0101000020E6100000332650063F875340DB3D2FCB8D4A2840
12313,ZAZNA,Lar,Hilal Abad,JAMMU AND KASHMIR,0101000020E6100000AB9509BFD4AB5240D0FBB5AB461D4140
12314,THIRUMANGALAM,Chennai,Zone 8 Anna Nagar,TAMIL NADU,0101000020E6100000A8D6EBABE50C544088687407B12B2A40
12315,UTHUKOTTAI,Uthukkottai,Uthukottai,TAMIL NADU,0101000020E61000003873FEDC06F953403776E4A320AB2A40
12316,MOTH,Moth,Moth,UTTAR PRADESH,0101000020E610000015CFD19139BB5340F0A485CB2AC73940
12317,BAGRU,Sanganer Tehsil,Bagru,RAJASTHAN,0101000020E6100000D3AEF83CB5E2524094A872350DCF3A40
12318,PHALAYANA,Rajouri,Rajouri​,JAMMU AND KASHMIR,0101000020E61000003411363CBD925240273108AC1CB24040
12319,KHARIAR ROAD,Jonk,Mograpali ,ODISHA,0101000020E610000057653ACFB3A054403A162532BDE63440
12320,SARGIPALI,Bijepur,Sargipali,ODISHA,0101000020E61000006159C40BFDE15440677E3507082E3540
12321,SALON,Salon,Salon,UTTAR PRADESH,0101000020E61000002E90E214045D5440ED647094BC163A40
12322,JUNAGARH,Junagarh,Junagarh,ODISHA,0101000020E6100000BBBB4A4E98BC5440D2C8E7154FD03340
12323,ARUPPUKOTTAI,Madurai South,Pallivasal,TAMIL NADU,0101000020E6100000E601B02A50865340EB6C2B6AEEB42340
12324,DAG,Gangdhar Tehsil,Dag,RAJASTHAN,0101000020E6100000D913138A63F55240495A3B9B9FEE3740
12325,AHILYANAGAR,Ahmednagar,Foi,MAHARASHTRA,0101000020E6100000BE7A2645F5AF52400919C8B3CB173340
12326,PURWA,Purwa,Unnao,UTTAR PRADESH,0101000020E61000009A4DF4B78C3554407D7A6CCB807C3A40
12327,BALANGIR,Tushura,Balangir,ODISHA,0101000020E610000053CB1817B5CA544043D02C64099C3440
12328,TILHAR,Tilhar,Bikrampur,UTTAR PRADESH,0101000020E6100000E703C08077EF5340B2E4E088A40E3C40
12329,JAFARGANJ,Akbarpur,Ambedkar Nagar,UTTAR PRADESH,0101000020E6100000A5BE2CED54A554401DE0EE51245C3A40
12330,KALYANPUR,Kalyanpur,Kalyanpur,TRIPURA,0101000020E61000001FB9981332E75640510E0B5AEDEE3740
12331,IRUMBOOTHIPATTY,Krishnarayapuram,Irumboothipatty,TAMIL NADU,0101000020E6100000CC9717609F985340BE8AE7C7BAB72540
12332,KISHANGARH BAS,Kishangarh Bas Tehsil,Kishangarh Bas,RAJASTHAN,0101000020E610000077595D98962E53405C1D007157D13B40
12333,THIRUVALLUR,Uthukkottai,Vengal,TAMIL NADU,0101000020E6100000A57DF7B799035440E671BD12ED812A40
12334,VADASERY,Agastheeswaram,Vadasery,TAMIL NADU,0101000020E610000083B174F4AE5B53403D51C8844E622040
12335,KUMHER,Kumher Tehsil,Kumher,RAJASTHAN,0101000020E610000050D31D7A4158534068E1FC97B5503B40
12336,BARPATHARI,Rajnagar,South Tripura,TRIPURA,0101000020E6100000B34291EEE7D956404703780B244C3740
12337,BAHERI,Baheri,Baheri,UTTAR PRADESH,0101000020E610000078CF81E508E053409E454A0E33C73C40
12338,KUNNATHUR,Mohanur,Kunnathur,TAMIL NADU,0101000020E61000005BD2510EE68953409B2F40EC962A2640
12339,RAIRANGPUR,Rairangpur,Kantha,ODISHA,0101000020E61000001E2A9509E28E5540884677103B373640
12340,AMRAVATHI,Amravati,Amravati,MAHARASHTRA,0101000020E61000008BFD65F7E471534039454772F9EF3440
12341,PATNAGARH,Patnagarh,Balangir,ODISHA,0101000020E6100000F910B7B719C754406AB86D84EAC23440
12342,THURAIYUR,Thuraiyur,Pudur,TAMIL NADU,0101000020E6100000731759192AA4534006668522DD752640
12343,NAMBIYUR,Nambiyur,Erode,TAMIL NADU,0101000020E61000007AFDACA6695653407990436914B92640
12344,BABERU,Baberu,Banda,UTTAR PRADESH,0101000020E6100000F76606B7D6315440886C7B16DF8B3940
12345,GULABPURA,Hurda Tehsil,Gulabpura,RAJASTHAN,0101000020E61000007153A813F5A952401717FD570CE73940
12346,VADAMADURAI,Vedasandur,Vadamadurai,TAMIL NADU,0101000020E6100000B97B6FC2738653406B9505B8C5E12440
12347,TIRUVENKADAM,Tenkasi,Kuruvikulam,TAMIL NADU,0101000020E61000005116BEBED66A5340D540F33977832240
12348,PALLADAM,Palladam,Palladam,TAMIL NADU,0101000020E6100000F3A433CD07525340522976340EF12540
12349,LAKSAR,Laksar,Raisi,UTTARAKHAND,0101000020E6100000D1A43DF3AC845340E2444F255EB43D40
12350,ADAMANGALAM PUDHUR,Tiruvannamalai​ ,Kalasapakkam​,TAMIL NADU,0101000020E610000075029A081BBA53407A36AB3E57EB2840
12351,GANGOH,Nakur,Gangoh,UTTAR PRADESH,0101000020E6100000884CF910D45053400936AE7FD7C73D40
12352,NUTANBAZAR,South Tripura,Amarpur,TRIPURA,0101000020E6100000BF7D1D3867F0564007F01648506C3740
12353,KIRATPUR,Najibabad,Kiratpur,UTTAR PRADESH,0101000020E6100000D49343D5F98C53401D56B8E523813D40
12354,Parli Vaijnath,Beed,Parli,MAHARASHTRA,0101000020E610000000265FBF9621534068F052454CDA3240
12355,KANISPORA,Baramulla,Baramulla,JAMMU AND KASHMIR,0101000020E610000021B0726891995240A4703D0AD71B4140
12356,BHAVANI,Mettupalayam,Athikadavu,TAMIL NADU,0101000020E6100000CFD325881F315340472F7268F4732640
10204,UNAVA APMC,Mehsana,Mehsana,GUJARAT,0101000020E6100000E02DF55FB11852405D1938F8A1C03740
10205,UPLETA,Rajkot,Upleta,GUJARAT,0101000020E6100000AD7EF5BF05925140E3B6DA1306BE3540
10054,ARA,Bhojpur,Ara,BIHAR,0101000020E6100000E958F3635C2A5540069D63CA248C3940
10055,BEGUSARAI,Begusarai,Begusarai,BIHAR,0101000020E6100000C81DF342778A55401A5F3114D4693940
10056,BIHARSHARIF,Nalanda,Bihar,BIHAR,0101000020E61000007F38F3E33C60554090A80622D3323940
10057,BUXAR,Buxar,Buxar,BIHAR,0101000020E6100000EC72F30E47FE5440BBC23022848F3940
10058,CHHAPRA,Saran,Chapra,BIHAR,0101000020E61000005B54F3BEEC2F55408586B6669DCB3940
10059,DARBHANGA,Darbhanga,Darbhanga,BIHAR,0101000020E6100000252A736FEB785540578E16565B2B3A40
10060,DAUDNAGAR,Aurangabad,Daudnagar,BIHAR,0101000020E61000008F62F3EFE0195540B1ECDE1BA3083940
10061,FORBESGANJ,Araria,Forbesganj,BIHAR,0101000020E61000006FF5F2AD98D05540D4CF42BFEB4E3A40
10062,GAYA,Gaya,Gaya Town C.D.Block,BIHAR,0101000020E61000005C7B2D51A34055404E29DFC9C4CB3840
10063,GULABBAGH,Purnia,Purnia East,BIHAR,0101000020E610000015EAF2F08EE25540FB5AE05B62C93940
10064,HAJIPUR,Vaishali,Hajipur Mandal,BIHAR,0101000020E6100000C44273FE684E554018205D00F8B13940
10065,KATIHAR,Katihar,Katihar,BIHAR,0101000020E610000006E9F2BE27E555400EA9A1DF7F873940
10066,MOHANIYA,Kaimur,Mohaniya,BIHAR,0101000020E6100000368073C8F6E75440712C73367F2A3940
10067,MOTIHARI,East Champaran,Motihari,BIHAR,0101000020E61000003C4FF3B5273A5540A175638EEAA93A40
10068,MUSALLAHPUR,Patna,Sampatchak,BIHAR,0101000020E6100000BD44F365484B5540236D369A0C9D3940
10069,MUZAFFARPUR,Muzaffarpur,Musahri,BIHAR,0101000020E6100000D83CF347495955400E617B8C71263A40
10070,SAMASTIPUR,Samastipur,Samastipur,BIHAR,0101000020E6100000FB2CF3C6BF725540E40A6A8EBFE03940
10071,SASARAM,Rohtas,Sasaram,BIHAR,0101000020E610000037E155DA3C015540D137C62F72F43840
10072,SINGHESWAR,Madhepura,Singheshwar,BIHAR,0101000020E6100000DE06F355F0B255401771445478EE3940
10073,SITAMARHI,Sitamarhi,Nanpur,BIHAR,0101000020E61000007438F3D5E15F5540BF0D02AA62963A40
10074,CHANDIGARH SECTOR-26,Chandigarh,Chandigarh,CHANDIGARH,0101000020E61000004C857449593353402A51E8A69CBA3E40
10075,BALOD,Balod,Balod Tahsil,CHHATTISGARH,0101000020E6100000329D5177094D544077C6141417BB3440
10076,BHATAPARA,Baloda Bazaar,Bhatapara Tahsil,CHHATTISGARH,0101000020E6100000DF7F25695F7C544025AF7666CEBD3540
10077,BILASPUR,Bilaspur,Bilaspur,CHHATTISGARH,0101000020E61000009F56C299A18C544050A3D6E4D50F3640
10078,DHAMTARI,Dhamtari,Dhamtari Tahsil,CHHATTISGARH,0101000020E6100000D1B078B6F5615440CA3E23EA35B13440
10079,DURG,Durg,Durg Tahsil,CHHATTISGARH,0101000020E61000007811252D6C5254405EFCAB5BEF333540
10080,JAGDALPUR,Bastar,Jagdalpur Tahsil,CHHATTISGARH,0101000020E6100000389D0AF7B78154402ACE17AD2A153340
10081,KAWARADHA,Kabirdham,Kawardha Tahsil,CHHATTISGARH,0101000020E6100000CDDA01E610505440D6802EB1B0093640
10082,KURUD,Dhamtari,Kurud Tahsil,CHHATTISGARH,0101000020E6100000DBA9F02C746D544046915DCECCDB3440
10083,MUNGELI,Mungeli,Mungeli Tahsil,CHHATTISGARH,0101000020E61000000FAA2829AB6B54406E1FC60EF40F3640
10084,NAVAPARA,Raipur,Rajim Tahsil,CHHATTISGARH,0101000020E61000006CC3F303437754402BB0271686F73440
10085,PATELPALI RAIGARH,Raigarh,Raigarh Tahsil,CHHATTISGARH,0101000020E61000008E89730DB3D7544028D14C076DDB3540
10086,RAIPUR,Raipur,Raipur Tehsil,CHHATTISGARH,0101000020E6100000A8CBF3B3CD69544058DB44FD8E433540
10087,RAJIM,Gariyaband,Rajim Tahsil,CHHATTISGARH,0101000020E6100000A54207FB107954409F5CFDF984F63440
10088,RAJNANDGAON,Rajnandgaon,Rajnandgaon Tahsil,CHHATTISGARH,0101000020E6100000F9E3F3BDCD415440835667370C153540
10089,CANACONA MARKET YARD,South Goa,Canacona,GOA,0101000020E610000069EF74B1B1825240813F608E72042E40
10090,CURCHOREM MARKET YARD,South Goa,Quepem,GOA,0101000020E61000005CECF413168752402DF149D78B842E40
10091,MAPUSA MARKET YARD,North Goa,Bardez,GOA,0101000020E6100000E9F774EDDE735240FECB39BBC42C2F40
10092,MARGAO MAIN MARKET YARD,South Goa,Salcete,GOA,0101000020E610000085F1F456547E52400DACD407FD972E40
10093,PONDA MARKET YARD,North Goa,Ponda,GOA,0101000020E6100000F9EFF4C9298152406839C574FFCC2E40
10094,SANQUELIM MARKET YARD,North Goa,Bicholim,GOA,0101000020E610000006F0749D4E815240144798C7F31D2F40
10095,VALPOI MARKET YARD,North Goa,Satari,GOA,0101000020E610000004EB74210E8952401E0FD54818112F40
10096,AHMEDABAD,Ahmedabad,Daskroi,GUJARAT,0101000020E6100000A126F533FD2552409E3C0C26A0DE3640
10097,AMRELI,Amreli,Amreli,GUJARAT,0101000020E61000008B5BF53F86CD5140370B4577FB983540
10098,ANAND,Anand,Anand,GUJARAT,0101000020E61000002218F5BF953D524028DEC86B948E3640
10099,ANJAR,Kutch,Anjar,GUJARAT,0101000020E6100000A788F5FF8A81514019FB2DA2861B3740
10100,BABRA,Amreli,Babra,GUJARAT,0101000020E61000008F57F5BF69D35140BB08318A28D93540
10101,BAGASARA,Amreli,Bagasara,GUJARAT,0101000020E6100000C764F57F0BBD5140A900C3302A7C3540
10102,BARDOLI APMC,Surat,Bardoli,GUJARAT,0101000020E61000009112F57F354752404A6A70BB4E1F3540
10103,BAVLA APMC,Ahmedabad,Bavla,GUJARAT,0101000020E6100000842FF5FFF4165240DDCAEA9804D33640
10104,BAYAD APMC,Aravalli,Bayad,GUJARAT,0101000020E6100000A10EF5FF724D524019975971E8393740
10105,BHABHAR,Banaskantha,Bhabhar,GUJARAT,0101000020E6100000C44CF57F2DE65140B8BD8EF65A123840
10106,BHARUCH,Bharuch,Bharuch,GUJARAT,0101000020E6100000E816F5FF434052402CA2B97C5EB53540
10107,BHAVNAGAR,Bhavnagar,Bhavnagar,GUJARAT,0101000020E61000001037F5AFF8085240B7AFEB839DC53540
10108,BHESAN,Junagadh,Bhesan,GUJARAT,0101000020E6100000966DF5FFB7AE5140F94FD65062933540
10109,BHILODA,Aravalli,Bhiloda,GUJARAT,0101000020E6100000D50BF57FFC5252404A9401CE1BBE3740
10110,BHUJ,Kutch,Bhuj,GUJARAT,0101000020E61000008596F5B7CB6A5140F4C0F9D0373F3740
10111,BILIMORA,Navsari,Gandevi,GUJARAT,0101000020E61000000F17F5D7AA3D52404284C6C5DDC33440
10112,BODELI,Chhota Udaipur,Bodeli,GUJARAT,0101000020E6100000B6FBF47FE16D524005F6B4B614473640
10113,BORSAD,Anand,Borsad,GUJARAT,0101000020E6100000741AF57FD93952402BE9CF8D3F683640
10114,BOTAD,Botad,Botad,GUJARAT,0101000020E6100000274AF52FD3EA5140DA34AEA6172B3640
10115,CHIKHLI APMC,Navsari,Chikhli,GUJARAT,0101000020E61000003014F54DD4435240D7459C7617C23440
10116,CHOTILA APMC,Surendranagar,Chotila,GUJARAT,0101000020E6100000035CF55FC1CC514078FB0127796C3640
10117,DABHOI APMC,Vadodara,Dabhoi,GUJARAT,0101000020E6100000EB4CF5BF49E451409950979099163940
10118,DAHOD,Dahod,Dahod,GUJARAT,0101000020E610000088E6F47F559052407BA81E329CD53640
10119,DEDIYAPADA APMC,Narmada,Dediyapada,GUJARAT,0101000020E61000001000F5FF0E66524000CED426CE9F3540
10120,DEESA,Banaskantha,Deesa,GUJARAT,0101000020E61000005E36F57F9E0B5240432244A26D423840
10121,DEHGAM,Gandhinagar,Dehgam,GUJARAT,0101000020E6100000771DF57F933452405A615F66B82A3740
10122,DEVGADHBARIA APMC,Dahod,Devgadhbaria,GUJARAT,0101000020E6100000FFF3F4BB207A5240E5AD19E591B33640
10123,DHANDHUKA APMC,Ahmedabad,Dhandhuka,GUJARAT,0101000020E61000006E3EF5FF2BFE514001972A321F603640
10124,DHANERA,Banaskantha,Dhanera,GUJARAT,0101000020E6100000D33BF5FFDC015240B891F2B31B833840
10125,DHARI,Amreli,Dhari,GUJARAT,0101000020E61000002262F59FB9C151407714F9BB26543540
10126,DHOALKA,Ahmedabad,Dholka,GUJARAT,0101000020E6100000452C3541321C5240B3259499D3B93640
10127,DHORAJI,Rajkot,Dhoraji,GUJARAT,0101000020E6100000DA78F57F869C514059C7B24398BA3540
10128,DHROL,Jamnagar,Dhrol,GUJARAT,0101000020E61000007879F52FAB9A51400C0CA0B044913640
10129,FATEHPURA APMC,Dahod,Fatehpura,GUJARAT,0101000020E6100000BFEEF480BC8252403B79BC5684413740
10130,GADHADA,Botad,Gadhada,GUJARAT,0101000020E6100000004DF52BECE45140CAFF3204DCF73540
10131,GANDHINAGAR APMC,Gandhinagar,Randheja,GUJARAT,0101000020E6100000A124F55FDD28524010EB7E18764A3740
10132,GARIYADHAR APMC,Bhavnagar,Bhavnagar,GUJARAT,0101000020E61000006B4DF5D712E55140775B7D2FD7893540
10133,GODHRA,Panchamahal,Godhra,GUJARAT,0101000020E610000068FEF4FF8468524029EB31CB59C73640
10134,GONDAL,Rajkot,Gondal,GUJARAT,0101000020E6100000E06AF5FF76B351407906557584F43540
10135,HALVAD,Morbi,Halvad,GUJARAT,0101000020E61000004A5CF57F75CB5140D9E25F941A033740
10136,HIMMATNAGAR,Sabarkantha,Himmatnagar,GUJARAT,0101000020E61000005318F5FFEC3C5240769B443F2E963740
10137,IDAR APMC,Sabarkantha,Idar,GUJARAT,0101000020E61000005E16F5FFE93F5240F5661D3C33D73740
10138,JAM JODHPUR,Jamnagar,Jamjodhpur,GUJARAT,0101000020E6100000E788F5FF8A8151409A0F259828EE3540
10139,JAMKANDORNA,Rajkot,Jamkandorna,GUJARAT,0101000020E61000006176F5FFC69F5140D8F2C18274E43540
10140,JAMKHAMBHALIYA,Devbhoomi Dwarka,Jamkhambhaliya,GUJARAT,0101000020E61000007996F5FFCF69514079642AB2D5353640
10141,JAMNAGAR,Jamnagar,Jamnagar,GUJARAT,0101000020E61000003288F5FFC58251405A32AB02D2783640
10142,JASDAN,Rajkot,Jasdan,GUJARAT,0101000020E6100000BD5AF5B91BCD51405A10111C220A3640
10143,JETPUR,Rajkot,Jetpur,GUJARAT,0101000020E6100000F571F55FAAA751407CD7FEBAB7C03540
10144,JHAGADIYA APMC,Bharuch,Jhagadiya,GUJARAT,0101000020E6100000460DF5FF614F52409803D4A0CCC03540
10145,JHALOD,Dahod,Jhalod,GUJARAT,0101000020E6100000D1EAF4FFEA89524041C0CC5FF0183740
10146,JUNAGADH,Junagadh,Junagadh,GUJARAT,0101000020E6100000E777F51F9A9D5140A36AD4D118843540
10147,KADI APMC,Mehsana,Kadi,GUJARAT,0101000020E61000007B30F5BF2715524033E6E7BFFE4B3740
10148,KALAVAD,Jamnagar,Kalavad,GUJARAT,0101000020E6100000F07AF5F78A9851407CCFE5DDD4363640
10149,KALOL,Gandhinagar,Kalol,GUJARAT,0101000020E61000002B2AF57FA81F52402973E23F6E3E3740
10150,KAPADWANJ,Kheda,Kapadvanj,GUJARAT,0101000020E61000001A14F5FF4E4452408CE8FF813C043740
10151,KARJAN,Vadodara,Karjan,GUJARAT,0101000020E6100000FD11F5FFFF475240FB659E98D80A3640
10152,KATHLAL APMC,Kheda,Kathlal,GUJARAT,0101000020E61000000617F5BF843F524026E6CF1CA5E53640
10153,KESHOD,Junagadh,Keshod,GUJARAT,0101000020E61000005980F53F2D90514057BBEA21074D3540
10154,KHAMBHAT,Anand,Khambhat,GUJARAT,0101000020E6100000FB24F5FFA7275240BF3EFE182A513640
10155,KODINAR,Gir Somnath,Kodinar,GUJARAT,0101000020E6100000626EF53F01AD51401AD5BC41C1CB3440
10156,KOSAMBA APMC,Surat,Mangrol,GUJARAT,0101000020E61000008218752FF23C524054BDEFA9F6763540
10157,LALPUR,Jamnagar,Lalpur,GUJARAT,0101000020E61000009E8AF5FFAC7D5140A1C9AD91EE303640
10158,LIMKHEDA APMC,Dahod,Limkheda,GUJARAT,0101000020E610000045F5F4FFA2775240EAAF13FDEB2E3740
10159,LUNAWADA APMC,Mahisagar,Lunawada,GUJARAT,0101000020E6100000BCFFF47FD9665240ACD1E18858213740
10160,MAHEMDAVAD,Kheda,Mahemdavad,GUJARAT,0101000020E6100000AC20F57FD42F524048D3DC122ED33640
10161,MAHUVA,Surat,Bardoli,GUJARAT,0101000020E61000002410F50F0B4B5240E3E523E6A3F23440
10162,MAHUVA APMC GJ,Bhavnagar,Mahuva,GUJARAT,0101000020E6100000C045F52FCDF051408D4B732665173540
10163,MANADAL APMC,Ahmedabad,Manadal,GUJARAT,0101000020E61000003D40F5FF01FB5140E39DD416C4483740
10164,MANDVI APMC,Kutch,Mandvi,GUJARAT,0101000020E61000000A0BF57F83535240B55995FF3B413540
10165,MATAR APMC,Kheda,Matar,GUJARAT,0101000020E61000009523F5BF6C2A5240B08C5967F3B43640
10166,MEHSANA,Mehsana,Mehsana,GUJARAT,0101000020E6100000772EF5FF5C185240638A9C0467993740
10167,MODASA,Aravalli,Modasa,GUJARAT,0101000020E61000009E0BF5BF07535240E0C2B64F97763740
10168,MORBI,Morbi,Morbi,GUJARAT,0101000020E6100000D06BF5FBE6B05140D2278B29EB683640
10169,NADIAD,Kheda,Nadiad,GUJARAT,0101000020E6100000341CF57F363752405D4F6128AEAF3640
10170,NAVSARI APMC,Navsari,Navsari,GUJARAT,0101000020E61000004F19F53FBD3B5240B3A2CB94D4F33440
10171,NIZAR,Tapi,Nizar,GUJARAT,0101000020E61000007EE9F413898C52401B70224B147A3540
10172,PADARA,Vadodara,Padra,GUJARAT,0101000020E61000009213F57F73455240A2CD5836A53D3640
10173,PALANPUR,Banaskantha,Palanpur,GUJARAT,0101000020E61000008F2DF5FFF1195240B5CC0B166B293840
10174,PALITANA APMC,Bhavnagar,Palitana,GUJARAT,0101000020E61000009043F5FF53F451406AFFDD3EFA853540
10175,PANTHAWADA,Banaskantha,Dantiwada,GUJARAT,0101000020E61000000F30F5311E1652404B8A4BC36E893840
10176,PATAN,Patan,Patan,GUJARAT,0101000020E61000001C39F5FF9B065240EAEEC5827CD83740
10177,PATDI APMC,Surendranagar,Dasada,GUJARAT,0101000020E61000001D45F50799F25140E596495988303740
10178,PAVI-JETPUR,Chhota Udaipur,Pavijetpur,GUJARAT,0101000020E61000009C71F5FFAFA751404C226D0979C03540
10179,PETALAD,Anand,Petlad,GUJARAT,0101000020E6100000A61DF5FF9B335240E05419AB1E7A3640
10180,PORBANDAR,Porbandar,Porbandar,GUJARAT,0101000020E61000006598F57F16675140D8C9D2BE0DA43540
10181,PRANTIJ APMC,Sabarkantha,Prantij,GUJARAT,0101000020E6100000F51CF57F553652406DD93C69D16F3740
10182,RADHANPUR APMC,Patan,Radhanpur,GUJARAT,0101000020E61000001E4CF57FE1E651408166F6A8A9D33740
10183,RAJKOT,Rajkot,Rajkot,GUJARAT,0101000020E6100000046BF59F7CB35140A1DDFF78E94D3640
10184,RAJPIPLA APMC,Narmada,Nandod,GUJARAT,0101000020E6100000ED03F5FFBA5F52403F573E49D9DD3540
10185,RAJULA,Amreli,Rajula,GUJARAT,0101000020E61000004252F53F77DC514020D6143E7E093540
10186,RAPAR,Kutch,Rapar,GUJARAT,0101000020E61000005B71F56746A9514085769D2015923740
10187,SANAND,Ahmedabad,Sanand,GUJARAT,0101000020E61000005D2EF5FF89185240A1A4BECB70FD3640
10188,SANJELI APMC,Dahod,Sanjeli,GUJARAT,0101000020E6100000CCF1F4DB747E5240170C6248370F3740
10189,SAVARKUNDLA,Amreli,Savarkundla,GUJARAT,0101000020E61000007B53F5FFC8D95140CF3D08DC18493540
10190,SAVLI,Vadodara,Savli,GUJARAT,0101000020E6100000850BF5FF045252406031B9070D9C3640
10191,SELAMBA APMC,Narmada,Sagbara,GUJARAT,0101000020E61000004CF8F4C7397352408E9C483A5C893540
10192,SIDDHPUR,Patan,Sidhpur,GUJARAT,0101000020E6100000432FF5FFD5175240AF21E99321EB3740
10193,SIHOR APMC,Bhavnagar,Sihor,GUJARAT,0101000020E61000000F3F759571FD5140DF2A99E4C5B83540
10194,SONGADH APMC,Tapi,Songadh,GUJARAT,0101000020E61000002A01F59FF863524058350C81702B3540
10195,TALAJA APMC,Bhavnagar,Talaja,GUJARAT,0101000020E61000008E3BF58F5B025240948EE94DB35A3540
10196,TALOD,Sabarkantha,Talod,GUJARAT,0101000020E6100000EB18F5FFBF3C5240C47F869BE8583740
10197,TARAPUR,Anand,Tarapur,GUJARAT,0101000020E61000005D24F5FF96295240CE3BE4A1117C3640
10198,THARA,Banaskantha,Kankrej,GUJARAT,0101000020E61000000F3FF56730FB5140847A1120A30C3840
10199,THARAD,Banaskantha,Tharad,GUJARAT,0101000020E6100000494BF5FF8CE851404EB6DAB6BE633840
10200,THASRA APMC,Kheda,Thasra,GUJARAT,0101000020E61000007310F5BF974A5240293F8EDEB2CC3640
10201,TILAKWADA APMC,Narmada,Tilakwada,GUJARAT,0101000020E6100000EFFFF47F7F665240DFEBD468DAFB3540
10202,UMRALA APMC,Bhavnagar,Umrala,GUJARAT,0101000020E61000004348F5EF97ED5140A6A32AEB0ED63540
10206,VADALI APMC,Sabarkantha,Vadali,GUJARAT,0101000020E61000005B15F5FF8C425240B8FC6F4BA1EF3740
10207,VADHVAN,Surendranagar,Vadhvan,GUJARAT,0101000020E61000004A49F50F6BEB51405BFB8E95B8B53640
10208,VADODARA,Vadodara,Vadodara,GUJARAT,0101000020E6100000C00FF57F214C52401EC97EDCF54B3640
10209,VALABHIPUR APMC,Bhavnagar,Vallabhipur,GUJARAT,0101000020E6100000F041F5D91BF85140B446A0A884E23540
10210,VALIA APMC,Bharuch,Valia,GUJARAT,0101000020E6100000EE10F5FF484A52407C71597528923540
10211,VALSAD,Valsad,Valsad,GUJARAT,0101000020E6100000CB17F5FFB13B52408A934719EB9A3440
10212,VIJAPUR,Mehsana,Vijapur,GUJARAT,0101000020E61000004D20F5FF44305240DA0157F9C48E3740
10213,VINCHHIYA,Rajkot,Vinchhiya,GUJARAT,0101000020E6100000B054F5B74ED85140C2E0D475DF353640
10214,VISAVADAR,Junagadh,Visavadar,GUJARAT,0101000020E6100000E86CF5FBD8AF5140C90F0513B05B3540
10215,VISNAGAR,Mehsana,Visnagar,GUJARAT,0101000020E61000002F28F5FFE82252403A79298385B23740
10216,VYARA,Tapi,Vyara,GUJARAT,0101000020E6100000E806F5FF395952408EBBF429071C3540
10217,WANKANER APMC,Morbi,Wankaner,GUJARAT,0101000020E61000006965F5BFE9BC514052354A5B599D3640
10218,ADAMPUR,Hisar,Adampur,HARYANA,0101000020E61000005FB8F41FE0DD5240A0FDDE6CAD493D40
10219,ALEWA,Jind,Alewa,HARYANA,0101000020E61000006192F4A23B1D53404519DA6C98753D40
10220,AMBALA,Ambala,Ambala,HARYANA,0101000020E61000009E86F445EE30534086776E89185E3E40
10221,AMBALA CANTT. APMC,Ambala,Ambala,HARYANA,0101000020E61000001B83F47F72365340203ED0867E493E40
10222,ASANDH,Karnal,Assandh,HARYANA,0101000020E6100000AE8CF4BFAB265340C9C77F72BC843D40
10223,ATELI APMC,Mohindergarh,Ateli,HARYANA,0101000020E6100000C39DF4A3A80953400F61B03904443C40
10224,BABAIN,Kurukshetra,Ladwa,HARYANA,0101000020E6100000147CF49F36435340CBD9B60FB4FE3D40
10225,BAHADURGARH,Jhajjar,Bahadurgarh,HARYANA,0101000020E61000006F80F47F8B3B534002B6CC667BB03C40
10226,BALLABGARH,Faridabad,Ballabgarh,HARYANA,0101000020E61000008971F49FCA545340DAB524E5F4533C40
10227,BAPOLI,Panipat,Bapoli,HARYANA,0101000020E6100000237AF4FF794553409A2F2F4B3B563D40
10228,BARARA,Ambala,Barara,HARYANA,0101000020E6100000967CF4FF7C425340A2836B81C7363E40
10229,BARWALA HISAR,Hisar,Barwala,HARYANA,0101000020E610000021A7F49F16FA52409C113D0AC75D3D40
10230,BARWALA PANCHKULA APMC,Panchkula,Barwala,HARYANA,0101000020E6100000DE80F4AFA73A534086BFA86528B03E40
10231,BASS,Hisar,Bass,HARYANA,0101000020E6100000FC9BF4FFDF0C5340FCC54B3A971B3D40
10232,BEHAL,Bhiwani,Bhiwani,HARYANA,0101000020E6100000019FF454EA075340680CA61BC1C93C40
10233,BERI,Jhajjar,Beri,HARYANA,0101000020E6100000378EF4AF08255340F4B16D8BF3B33C40
10234,BHATTU KALAN APMC,Fatehabad,Bhattukalan,HARYANA,0101000020E610000031BDF47F78D652401808CFF3EA603D40
10235,BHIWANI,Bhiwani,Bhiwani,HARYANA,0101000020E6100000429FF4BFE80753409BAC2757C2C93C40
10236,BHUNA,Fatehabad,Bhuna,HARYANA,0101000020E6100000BFAEF47F25ED524025E9CFE219883D40
10237,CH DADRI,Charkhi Dadri,Charkhi Dadri,HARYANA,0101000020E61000006899F48F691153407B87454085973C40
10238,CHEEKA,Kaithal,Guhla,HARYANA,0101000020E61000005097F4BA671553404EE02973E40B3E40
10239,CHHACHHRAULI,Yamuna Nagar,Chhachhrauli,HARYANA,0101000020E6100000DF6FF4DFF15653408DDCDC4DAD3E3E40
10240,DABWALI,Sirsa,Dabwali,HARYANA,0101000020E61000009FD7F47F1EA95240216E10F211D53D40
10241,DHAND,Kaithal,Kaithal,HARYANA,0101000020E6100000028CF431A2275340EAAE6E7DCBE13D40
10242,DING,Sirsa,Sirsa,HARYANA,0101000020E610000082C0F49DE7D05240B49F0A3F26753D40
10243,ELLANABAD,Sirsa,Sirsa,HARYANA,0101000020E6100000E4D6F48E4AAA5240DB8DE51536723D40
10244,FARIDABAD,Faridabad,Faridabad,HARYANA,0101000020E61000003E71F494995453405722FB10B06D3C40
10245,FARRUKHNAGAR,Gurugram,Farrukhnagar,HARYANA,0101000020E61000005884F4BF61345340D762A7FB08723C40
10246,FATEHABAD,Fatehabad,Fatehabad,HARYANA,0101000020E610000019B9F4FF69DD5240E0CB46E049823D40
10247,FEROZPUR JHIRKA APMC,Mewat (Nuh),Ferozpur Jhirka,HARYANA,0101000020E6100000B27CF4EF52405340371277C0781A3C40
10248,GANAUR,Sonipat,Ganaur,HARYANA,0101000020E6100000E67CF4FF14415340138E9FDDCF203D40
10249,GHARAUNDA,Karnal,Gharaunda,HARYANA,0101000020E6100000BD7EF4E75C3E5340EB76E83B1A8B3D40
10250,GOHANA,Sonipat,Gohana,HARYANA,0101000020E61000009789F4FF0A2D5340568E8B540A223D40
10251,GURGAON,Gurugram,Gurgaon,HARYANA,0101000020E6100000707DF4FF6E41534044F9FEEFE4743C40
10252,HANSI,Hisar,Hansi,HARYANA,0101000020E61000000FA5F41B4BFE5240EE6DF0B3081B3D40
10253,HASSANPUR,Palwal,Hasanpur,HARYANA,0101000020E6100000C56AF4FF7D5F5340DF8AC398DFF53B40
10254,HATHIN,Palawal,Hathin,HARYANA,0101000020E6100000D774F47F874E53408135D85391073C40
10255,HISAR APMC,Hisar,Hisar,HARYANA,0101000020E6100000C4AEF4FFC2ED52407A760BEADC2C3D40
10256,HODAL,Palwal,Hodal,HARYANA,0101000020E6100000626FF4FF48585340F538CBADB8E53B40
10257,INDRI,Karnal,Indri,HARYANA,0101000020E6100000B97BF42F0143534086C7885961E03D40
10258,ISMAILABAD,Kurukshetra,Ismailabad,HARYANA,0101000020E6100000E289F47F052B5340426A194858203E40
10259,ISRANA APMC,Panipat,Panipat,HARYANA,0101000020E61000000B8274886038534064656F30DA4F3D40
10260,JAGADHRI APMC,Yamuna Nagar,Jagadhari,HARYANA,0101000020E6100000B372F4FF7B52534078C4DACE9F2A3E40
10261,JAKHAL,Fatehabad,Jakhal,HARYANA,0101000020E61000001BABF4C799F45240A3D6BFC34ACD3D40
10262,JHAJJAR,Jhajjar,Jhajjar,HARYANA,0101000020E6100000D68AF400582A534026613C73079A3C40
10263,JIND,Jind,Jind,HARYANA,0101000020E6100000C597F48BA6145340611D59DD0B4A3D40
10264,JUI,Bhiwani,Bhiwani,HARYANA,0101000020E6100000B1A6F4B1C6FB5240F34DB1238AA13C40
10265,JULANA,Jind,Julana,HARYANA,0101000020E61000008994F4E7F9195340F1DDADF4AB233D40
10266,JUNDLA,Karnal,Karnal,HARYANA,0101000020E6100000DD8274F5303753409840DBAAFCA63D40
10267,KAITHAL,Kaithal,Kaithal,HARYANA,0101000020E6100000D994F4865B195340EC8CE6388FC93D40
10268,KALANWALI,Sirsa,Sirsa,HARYANA,0101000020E610000062CBF4F7BEBD5240D617C80B78D33D40
10269,KALAYAT,Kaithal,Kaithal,HARYANA,0101000020E61000005C9B74EA180F5340F903ABD2A2AD3D40
10270,KANINA APMC,Mohindergarh,Narnaul,HARYANA,0101000020E61000004E98F48157135340AB3EC33D9F523C40
10271,KARNAL,Karnal,Karnal,HARYANA,0101000020E6100000187EF41BFB3E53404432E2841FA83D40
10272,KHARKHODA,Sonipat,Kharkhoda,HARYANA,0101000020E6100000F480F43F183A5340D9DF124F65E03C40
10273,KOSLI APMC,Rewari,Kosli,HARYANA,0101000020E61000000392F4B9E71D5340822CD956AC6A3C40
10274,LADWA,Kurukshetra,Ladwa,HARYANA,0101000020E6100000A77BF43B4F4353403788174856FE3D40
10275,LOHARU,Bhiwani,Loharu,HARYANA,0101000020E61000003AABF47F4CF3524005E4ED0D3D6C3C40
10276,MADLAUDA,Panipat,Panipat,HARYANA,0101000020E61000007F84F43000345340004AE5335F673D40
10277,MEHAM APMC,Rohtak,Meham,HARYANA,0101000020E61000002F98F4779D135340B7EA3C1A32F73C40
10278,MOHINDERGARH APMC,Mohindergarh,Mahendragarh,HARYANA,0101000020E6100000B59EF4D5FE085340B48BCC29D9453C40
10279,MOHNA,Faridabad,Mohana,HARYANA,0101000020E61000008C6CF47F975C5340C296F5CF2C393C40
10280,MULLANA,Ambala,Ambala,HARYANA,0101000020E61000009C7BF4DABE43534029FEE3CB63443E40
10281,MUSTAFABAD,Yamuna Nagar,Mullana,HARYANA,0101000020E6100000C076F43F604C5340B9DF416E83393E40
10282,NARAINGARH APMC,Ambala,Ambala,HARYANA,0101000020E61000001879F477D24753401D014E66687A3E40
10283,NARNAUL APMC,Mohindergarh,Narnaul,HARYANA,0101000020E61000009E9FF4F07B075340498E1CA5760B3C40
10284,NARNAUND,Hisar,Hansi,HARYANA,0101000020E6100000E59EF4AFBB08534084552992E0383D40
10285,NARWANA,Jind,Narwana,HARYANA,0101000020E6100000CC9FF4D3D50653409DDA304B4D963D40
10286,NIGDHU APMC,Karnal,Nilokheri,HARYANA,0101000020E6100000B987F4DF642F534039771C2407D63D40
10287,NILOKHERI APMC,Karnal,Nilokheri,HARYANA,0101000020E61000007680F46D703B5340992A7279EAD53D40
10288,NISSING,Karnal,Nissang,HARYANA,0101000020E61000008B86F4DB66315340B93EFC7789B23D40
10289,NUH APMC,Mewat (Nuh),Nuh,HARYANA,0101000020E61000000A7EF4FF60405340450924EFDE193C40
10290,PAI APMC,Kaithal,Kaithal,HARYANA,0101000020E61000008A8FF433B5215340A804312B83B43D40
10291,PALWAL,Palwal,Palwal,HARYANA,0101000020E61000005E71F47F085553402BFE3F561A243C40
10292,PANCHKULA APMC,Panchkula,Panchkula,HARYANA,0101000020E6100000C67DF47FC33F53404366268119AF3E40
10293,PANIPAT,Panipat,Panipat,HARYANA,0101000020E6100000027FF4831B3E5340F409FD45A25D3D40
10294,PATAUDI,Gurugram,Pataudi,HARYANA,0101000020E6100000F685F47FE031534058E1E32841523C40
10295,PEHOWA,Kurukshetra,Pehowa,HARYANA,0101000020E6100000958DF47D2B255340AC59AD5821FB3D40
10296,PILLUKHERA,Jind,Jind,HARYANA,0101000020E61000003891F4B0B21F5340E2816C7D465A3D40
10297,PIPLI APMC,Kurukshetra,Thanesar,HARYANA,0101000020E61000007581F429893953401796B94689F93D40
10298,PUNDRI,Kaithal,Kaithal,HARYANA,0101000020E6100000CE8E74A0B723534001BE231B20C53D40
10299,PUNHANA APMC,Mewat (Nuh),Punhana,HARYANA,0101000020E61000002B77F4FF194B5340ABA4D01F32DF3B40
10300,RADAUR,Yamuna Nagar,Radaur,HARYANA,0101000020E61000008478F4FF0B4A5340FC3CB591BB063E40
10301,RAIPUR RANI APMC,Panchkula,Raipur Rani,HARYANA,0101000020E6100000E07DF47F963F5340540C7D494F873E40
10302,RANIA,Pali,Rania,HARYANA,0101000020E6100000D8D0F4BB03B55240E2C3ACA8C9853D40
10303,RATIA,Fatehabad,Ratia,HARYANA,0101000020E6100000E07DF47F963F5340540C7D494F873E40
10304,REWARI,Rewari,Rewari,HARYANA,0101000020E6100000B68CF4E9082753400FD815F217303C40
10305,ROHTAK,Rohtak,Rohtak,HARYANA,0101000020E6100000608EF41D7D2453400B6A622D33E33C40
10306,SADHAURA APMC,Yamuna Nagar,Sadhaura,HARYANA,0101000020E6100000E07DF47F963F5340540C7D494F873E40
10307,SAFIDON,Jind,Saﬁdon,HARYANA,0101000020E6100000448AF4337F2A5340372B7B5CCF693D40
10308,SAMALKHA,Panipat,Samalkha,HARYANA,0101000020E61000004580F475773B53408EA75DC8169D3D40
10309,SAMPLA,Rohtak,Sampla,HARYANA,0101000020E6100000AA86F47FA53053405EC4D842D8D03C40
10310,SHAHBAD,Kurukshetra,Shahbad Tehsil,HARYANA,0101000020E61000002682F45351385340A317FEE6782A3E40
10311,SHAHZADPUR APMC,Ambala,Shahzadpur,HARYANA,0101000020E61000003D7DF4FFC84153406C9E9FEBA5713E40
10312,SIRSA,Sirsa,Sirsa,HARYANA,0101000020E610000076C9F429A7C15240FF41D7B2488D3D40
10313,SIWAN,Kaithal,Siwan,HARYANA,0101000020E6100000F997F4BF3614534078D34BC730E93D40
10314,SIWANI,Bhiwani,Siwani,HARYANA,0101000020E61000009AB3F4E56BE65240DF16689CD3E83C40
10315,SOHNA,Gurugram,Sohna,HARYANA,0101000020E6100000C97AF4FFC5445340F83984590F3F3C40
10316,SONEPAT,Sonipat,Sonipat,HARYANA,0101000020E6100000307DF4FF6E4153401B21E5E764FE3C40
10317,TARAORI,Karnal,Taraori,HARYANA,0101000020E61000002480F47F313B53401EE4AC8487CC3D40
10318,TAURU APMC,Mewat (Nuh),Tauru,HARYANA,0101000020E6100000C67FF47F203D5340E4394C75C4353C40
10319,THANESAR,Kurukshetra,Thanesar,HARYANA,0101000020E61000002184F4B7EF35534076C59AE67DF43D40
10320,TIGAON,Faridabad,Tigaon,HARYANA,0101000020E61000005471F4CFB9535340F7002A774F673C40
10321,TOHANA,Fatehabad,Tohana,HARYANA,0101000020E610000088A8F4FFA8F8524034D102C33FB63D40
10322,TOSHAM,Bhiwani,Tosham,HARYANA,0101000020E61000002DA7F4FF97FA524001F0F40665DE3C40
10323,UCHANA,Jind,Narwana,HARYANA,0101000020E6100000549DF4FFD10B5340F1144DEA0B783D40
10324,UKLANA APMC,Hisar,Uklana,HARYANA,0101000020E610000088A8F4FFA8F85240862E5DCF1F843D40
10325,YAMUNA NAGAR APMC,Yamuna Nagar,Yamunanagar,HARYANA,0101000020E61000001473F4AE915153407BD5D3D0D9203E40
10326,BAIJNATH,Kangra,Baijnath,HIMACHAL PRADESH,0101000020E61000009F8BF4F6082953409C6B8ADFD3054040
10327,BANDROL,Kullu,Kullu,HIMACHAL PRADESH,0101000020E61000002979F43F28485340FE6502463B034040
10328,BHATTAKUFAR DHALLI,Shimla,Shimla (urban),HIMACHAL PRADESH,0101000020E6100000FD75F419584D534059F9F23D11193F40
10329,BHUNTAR,Kullu,Kullu,HIMACHAL PRADESH,0101000020E6100000A878F4FE4B4753407DDC10E7EEF63F40
10330,CHAILCHOWK,Mandi,Chachyot,HIMACHAL PRADESH,0101000020E6100000697DF41A4640534092B3406C5A913F40
10331,CHAMBA,Chamba,Chamba,HIMACHAL PRADESH,0101000020E61000004F7FB90CBB0753401DDE76AC8D484040
10332,DHALLI SHIMLA,Shimla,Shimla (urban),HIMACHAL PRADESH,0101000020E61000000776F41F254D5340B9E5AE78D11A3F40
10333,DHANOTU,Mandi,Sundarnagar,HIMACHAL PRADESH,0101000020E61000003482F4CEE4385340EDE48824A6873F40
10335,FRUIT MANDI SOLAN,Solan,Solan,HIMACHAL PRADESH,0101000020E610000042E95651374653404E21E906A5E93E40
10336,HAMIRPUR,Hamirpur,Hamirpur,HIMACHAL PRADESH,0101000020E61000003770B918E0215340D2CA3ABDD3AC3F40
10337,KANGRA,Kangra,Kangra,HIMACHAL PRADESH,0101000020E61000004A79B998CA115340BA5A1349EA0C4040
10338,KANGRA JASSOUR,Kangra,Nagrota Bagwan,HIMACHAL PRADESH,0101000020E6100000B6A9F48AA7F65240FED31BA24E244040
10339,KHARAPATHAR,Shimla,Jubbal,HIMACHAL PRADESH,0101000020E61000002566F4072268534044D60F451F1E3F40
10340,MANDI,Mandi,Mandi,HIMACHAL PRADESH,0101000020E6100000D87FF44D083C534000A3D27904B03F40
10341,MEHANDLI,Shimla,Rohru,HIMACHAL PRADESH,0101000020E6100000FE94F41BA91853404077DC6918813F40
10342,PALAMPUR,Kangra,Palampur,HIMACHAL PRADESH,0101000020E61000004CFF56C78A225340BDA1EE65380E4040
10343,PAONTA SAHIB,Sirmaur,Paonta Sahib,HIMACHAL PRADESH,0101000020E610000077D5569C7F6753405E0D470731703E40
10344,PARALA,Shimla,Theog,HIMACHAL PRADESH,0101000020E61000005EA6A53ABA595340CECB897345183F40
10345,PATIKUHAL,Kullu,Kullu,HIMACHAL PRADESH,0101000020E61000007258B906CB485340F92E7870C60C4040
10346,ROHRU,Shimla,Rohru,HIMACHAL PRADESH,0101000020E610000076995D900E7053404DA81ABAFE333F40
10347,SANTOSHGARH,Una,Una,HIMACHAL PRADESH,0101000020E6100000B997F4EB73145340B9F440EF725A3F40
10348,SOLAN PARWANOO,Solan,Solan,HIMACHAL PRADESH,0101000020E6100000DF7EF4BF853D53401E4F65E94AD63E40
10349,TAKOLI,Mandi,Mandi,HIMACHAL PRADESH,0101000020E61000003976F4FC2A4C5340A6999411B4CB3F40
10350,TAPRI,Shimla,Nichar,HIMACHAL PRADESH,0101000020E6100000C053F4A529865340DB4FA63381843F40
10351,UNA,Una,Una,HIMACHAL PRADESH,0101000020E6100000EC99F44CAD1053403BA501EDF4773F40
10352,ANANTNAG,Anantnag,Anantnag,JAMMU AND KASHMIR,0101000020E610000049C4F47FA3C95240F4962363F9DB4040
10353,CHARARISHARIEF,Chararisharief,Chararisharief,JAMMU AND KASHMIR,0101000020E6100000F5D1F40D3BB35240768ACC1466F34040
10354,HANDWARA,Handwara,Handwara,JAMMU AND KASHMIR,0101000020E6100000C3E5F411D0925240CB770626FF324140
10355,KATHUA,Kathua,Kathua,JAMMU AND KASHMIR,0101000020E61000002ABAF43B99DB52409391A8A2C82A4040
10356,KULGAM,Kulgam,Kulgam,JAMMU AND KASHMIR,0101000020E610000082C9F4FDC3C1524096950F19D7D24040
10357,NARWAL,Jammu,Jammu,JAMMU AND KASHMIR,0101000020E6100000D7CEF4AD86B852409F469976735B4040
10358,PARIMPORA SGR,Srinagar,Srinagar (North),JAMMU AND KASHMIR,0101000020E610000033D374E8A6B052409B1EE475870C4140
10359,PULWAMA,Pulwama,Pulwama,JAMMU AND KASHMIR,0101000020E6100000A5CDF42B25BA52406CC9BF3BF3F04040
10360,SHOPIAN,Shopian,Shopian,JAMMU AND KASHMIR,0101000020E610000027D0F4BD78B65240B3015DFB25E04040
10361,SOPORE,Sopore,Sopore,JAMMU AND KASHMIR,0101000020E610000097DFF4D5D59B524016B989DB1C244140
10362,UDHAMPUR,Udhampur,Udhampur,JAMMU AND KASHMIR,0101000020E6100000FEC4F408A3C85240CCA11B8585744040
10363,BOKARO,Bokaro,Chas,JHARKHAND,0101000020E61000002320F3FFAC885540651A9569CBAA3740
10364,CHAIBASA,West Singhbhum,Chaibasa,JHARKHAND,0101000020E6100000C02DF3A35A735540E7B05D59198C3640
10365,CHAKULIA,East Singhbhum,Chakulia,JHARKHAND,0101000020E61000009709F3F419AE5540219D82C4C1773640
10366,DALTENGANJ,Palamu,Daltenganj,JHARKHAND,0101000020E6100000F06EF383530455404E4D5E50A40F3840
10367,DEOGHAR,Deoghar,Deodar,JHARKHAND,0101000020E6100000580AF3FF0FAD554042002C2A9F8E3840
10368,DHANBAD,Dhanbad,Dhanbad-Cum-Kenduadih-Cum-Jagata,JHARKHAND,0101000020E6100000D714F3FF219B5540677191EDC2C73740
10369,DUMKA,Dumka,Dumka,JHARKHAND,0101000020E6100000DAF4F2FFEBD05540DA52CD1FE34F3840
10370,GARHWA,Garhwa,Garhwa,JHARKHAND,0101000020E6100000BA498416B4F354403500C55F30273840
10371,GRIDIH,Giridih,Giridih,JHARKHAND,0101000020E6100000221EF3FF4F8B5540C5FE0D3F73523840
10372,GUMLA,Gumla,Gumla,JHARKHAND,0101000020E6100000F15CF33FC4225540EA81635AA00A3740
10373,HAZARIBAGH,Hazaribagh,Hazaribagh,JHARKHAND,0101000020E6100000DC3CF3FF0959554029C73B4D57F73740
10374,JAMSHEDPUR,East Singhbhum,Golmuri-Cum-Jugsalai,JHARKHAND,0101000020E6100000951DF3D8DE8C5540025595078FC43640
10375,KODERMA,Koderma,Koderma,JHARKHAND,0101000020E61000009434F3FF3866554015DF19053B783840
10376,LOHARDAGA,Lohardaga,Lohardaga,JHARKHAND,0101000020E61000005B58F37FE52A55407B1B6534EA6C3740
10377,PAKUR,Pakur,Pakaur,JHARKHAND,0101000020E610000068DEF2FF02F655408967F3DE70A23840
10378,PANDRA RANCHI,Ranchi,Ratu,JHARKHAND,0101000020E61000004141F3D4E15155402E468B3D64633740
10379,Ramgarh,Ramgarh,Ramgarh,JHARKHAND,0101000020E61000002438F3FF6B6055405BDF292522A13740
10380,SAHEBGANJ,Sahebganj,Sahebganj,JHARKHAND,0101000020E6100000E4E6F25FA1E85540B32700F64C3D3940
10381,SIMDEGA,Simdega,Simdega,JHARKHAND,0101000020E6100000525DF37FA22255408D03DF0DB2963640
10382,APMC CHINCHOLI,Kalaburagi,Chicholi Tahsil,KARNATAKA,0101000020E6100000E2449FA2A95A5340F5E9D0509D763140
10383,APMC KALBURGI,Kalaburagi,Kalaburagi,KARNATAKA,0101000020E610000068F3C626B73553403EF9F1EEBA593140
10384,ARWM MUVATTUPUZHA,Ernakulam,Muvattupuzha,KERALA,0101000020E61000009BFD56031F255340302B89354EFC2340
10385,ARWM NEDUMANGAD,Thiruvananthapuram,Nedumangad,KERALA,0101000020E6100000E77DF45C314053401634D78298342140
10386,ARWM SULTAN BARTHERY,Wayanad,Sulthan,KERALA,0101000020E61000002DCBE079731053405AFAC6DFF5522740
10387,AUWM ANAYARA,Thiruvananthapuram,Thiruvananthapuram,KERALA,0101000020E61000006881F4B8BD395340F27F2CA57E052140
10388,AUWM MARADU,Ernakulam,Ernakulam,KERALA,0101000020E61000001C98743C85145340600D89D0F8DA2340
10389,AUWM VENGERI,Kozhikode,Kozhikode,KERALA,0101000020E61000003A8CB9429AF252402A8D0034B9972640
10390,AGAR,Agar Malwa,Agar Tahsil,MADHYA PRADESH,0101000020E61000008DA3F43F9D00534017A29B3039B63740
10391,ALIRAJPUR,Alirajpur,Alirajpur Tehsil,MADHYA PRADESH,0101000020E610000090E2F4A03C975240A714FBE4874D3640
10392,AMARPATAN,Satna,Amarpatan Tahsil,MADHYA PRADESH,0101000020E61000001CE6F359FA3C54402103CA4C38523840
10393,ANUPPUR,Anuppur,Anuppur Tehsil,MADHYA PRADESH,0101000020E61000003ECAF33D6E6C5440F65464D4AD203740
10394,ARON,Guna,Aron Tahsil,MADHYA PRADESH,0101000020E6100000F46CF477555B534044268A89EE5E3840
10395,ASHOKNAGAR,Ashok Nagar,Ashoknagar Tahsil,MADHYA PRADESH,0101000020E6100000745DF4FF57765340D4A0FAD039883840
10396,ASHTA,Sehore,Ashta Tahsil,MADHYA PRADESH,0101000020E61000006C87F46FA82E53406AEF9604B7FE3640
10397,BADA MALHERA,Chhatarpur,Bada Malhera Tahsil,MADHYA PRADESH,0101000020E61000002F26F45388D35340BBBC4F5B4A903840
10398,BADARWAS,Shivpuri,Badarwas Tahsil,MADHYA PRADESH,0101000020E61000006468F4738C645340642151A514FA3840
10399,BADNAGAR,Ujjain,Badnagar Tahsil,MADHYA PRADESH,0101000020E610000011BCF4FFC9D752405FD22620C4083740
10400,BADNAWAR,Dhar,Badnawar Tahsil,MADHYA PRADESH,0101000020E610000041B9F4FFB5DC5240789EEE1980113740
10401,BAIKUNTHPUR,Rewa,Baikunthpur Tahsil,MADHYA PRADESH,0101000020E6100000EED4F39E3D5A5440D8202DBB8FBA3840
10402,BALAGHAT,Balaghat,Balagat Tahsil,MADHYA PRADESH,0101000020E61000006103F430BD0C544020E7363556C83540
10403,BANKHEDI,Hoshangabad,Hoshangabad Tahsil,MADHYA PRADESH,0101000020E6100000DD42F4AE6DA253409900064B16C63640
10404,BARELI,Raisen,Baraily Tahsil,MADHYA PRADESH,0101000020E6100000D04EF44BF38E534088ECBC2738FE3640
10405,BARWANI,Barwani,Barwani Tahsil,MADHYA PRADESH,0101000020E610000031CEF4BD75B952401312D4A4CD0B3640
10406,BEOHARI,Shahdol,Beohari Tahsil,MADHYA PRADESH,0101000020E61000001FD673D9575854400A7A06181B043840
10407,BERASIA,Bhopal,Berasia Tahsil,MADHYA PRADESH,0101000020E6100000786DF4FF9F5B534074B338C236A13740
10408,BETUL,Betul,Betul Tahsil,MADHYA PRADESH,0101000020E6100000675BF45FA979534078B3EE71C1E93540
10409,BHIND,Bhind,Bhind Tahsil,MADHYA PRADESH,0101000020E6100000D438F44BCFB253402F5872C3158C3A40
10410,BIAORA,Rajgarh,Biaora Tahsil,MADHYA PRADESH,0101000020E610000093062694BE3953408719E19D58E93740
10411,BINA,Bina,Bina Tahsil,MADHYA PRADESH,0101000020E6100000E352F4FF8E8A5340D683C17D563C3840
10412,BURHANPUR,Burhanpur,Burhanpur Tahsil,MADHYA PRADESH,0101000020E6100000E19AF4FFCE0E5340DAF42EAF024E3540
10413,CHAKGHAT,Rewa,Teonthar Tahsil,MADHYA PRADESH,0101000020E6100000EAC8F3892F6E5440D746AB6B700B3940
10414,CHAURAI,Chhindwara,Chaurai Tahsil,MADHYA PRADESH,0101000020E61000002B28F4E9F5CF5340C1C77628B30D3640
10415,CHHAPARA,Seoni,Chhapara Tahsil,MADHYA PRADESH,0101000020E61000001B1CF4CCFFE2534051C42A940F643640
10416,CHHATARPUR,Chhatarpur,Chhatarpur Tahsil,MADHYA PRADESH,0101000020E6100000281AF48C4BE65340837B29A505E23840
10417,CHHINDWARA,Chhindwara,Chhindwara Tahsil,MADHYA PRADESH,0101000020E6100000D331F45FEBBE534014C3D0448F143640
10418,DABRA,Gwalior,Dabhra Tahsil,MADHYA PRADESH,0101000020E6100000984A743394955340DE1E484A4EE33940
10419,DALAUDA,Mandsaur,Mandsaur Tahsil,MADHYA PRADESH,0101000020E6100000BCC6F4272CC6524062ADFD3525F23740
10420,DAMOH,Damoh,Damoh Tahsil,MADHYA PRADESH,0101000020E6100000971EF4FF1BDF534082C1715E9AB93740
10421,DATIA,Datia,Datia Tahsil,MADHYA PRADESH,0101000020E6100000B545F4FFB79D53409C08F91882B83940
10422,DEORI,Sagar,Deori Tahsil,MADHYA PRADESH,0101000020E6100000EA30F44689C153401D579A4A1F663740
10423,DEWAS,Dewas,Dewas Tahsil,MADHYA PRADESH,0101000020E610000067A2F4FF61035340007ECB3D34FA3640
10424,DHAR,Dhar,Dhar Tahsil,MADHYA PRADESH,0101000020E610000084BEF4C9E6D2524069A9D70358983640
10425,GADARWARA,Narsinghpur,Narsimhapur Tahsil,MADHYA PRADESH,0101000020E6100000F439F4BD7CB15340487F1257F1EA3640
10426,GANJ BASODA,Vidisha,Basoda Tahsil,MADHYA PRADESH,0101000020E6100000C958F491EB7D5340CA49A6FC9CE33740
10427,GARHAKOTA,Sagar,Garhakota Tahsil,MADHYA PRADESH,0101000020E6100000EB2BF47751C8534075B5629F06C33740
10428,GAUTAMPURA,Indore,Indore Tahsil,MADHYA PRADESH,0101000020E61000008BB6F47874E15240482E57BE9EFB3640
10429,GOTEGAON,Narsinghpur,Gotegaon Tahsil,MADHYA PRADESH,0101000020E6100000CC1E742B07DF5340D023EC8EAF0A3740
10430,GUNA,Guna,Guna Tahsil,MADHYA PRADESH,0101000020E6100000B271F4FF3D54534064F774B7F4A53840
10431,HANUMANA,Rewa,Hanumana Tahsil,MADHYA PRADESH,0101000020E6100000D9BAF3AD998554401086350617C63840
10432,HARDA,Harda,Harda Tahsil,MADHYA PRADESH,0101000020E6100000B879F4E7454653405DC932C822583640
10433,HARPALPUR,Chhatarpur,Nowgong Tahsil,MADHYA PRADESH,0101000020E6100000A024F4E044D553400AC612174D4A3940
10434,HARSUD,Khandwa,Harsud Tahsil,MADHYA PRADESH,0101000020E6100000FA89F4273F2B534069E274087FF83540
10435,INDORE,Indore,Indore Tahsil,MADHYA PRADESH,0101000020E61000007CAAF45D99F55240E8C5D5D518BB3640
10436,ITARSI,Hoshangabad,Hoshangabad Tahsil,MADHYA PRADESH,0101000020E61000004060F47FCE705340A2A86DA7899C3640
10437,JABALPUR,Jabalpur,Jabalpur Tahsil,MADHYA PRADESH,0101000020E6100000020BF4BA8BFF534091CC87DC10483740
10438,JABERA,Damoh,Jabera Tahsil,MADHYA PRADESH,0101000020E61000001C17F4DB33EB5340522E0F1693903740
10439,JAORA,Ratlam,Jaora Tahsil,MADHYA PRADESH,0101000020E6100000C4C2F47F27CD5240D31D48C79FAF3740
10440,JHABUA,Jhabua,Jhabua Tahsil,MADHYA PRADESH,0101000020E6100000E1D9F4CE77A65240E0FA1B69A1C33640
10441,JOBAT,Alirajpur,Jobat Tehsil,MADHYA PRADESH,0101000020E61000000CDBF41BC4A352401E5C0FF8926A3640
10442,KARERA,Shivpuri,Karera Tahsil,MADHYA PRADESH,0101000020E6100000655174277F89534082D738ABA2743940
10443,KAROND,Bhopal,Karon,MADHYA PRADESH,0101000020E6100000566EF4AFC4595340905BB76AF44B3740
10444,KASRAWAD,Khargone,Kasrawad Tahsil,MADHYA PRADESH,0101000020E6100000F0B2F4E3E5E65240AA616370931E3640
10445,KATANGI,Balaghat,Katangi Tahsil,MADHYA PRADESH,0101000020E61000006812F47FC3F35340852CB86954C43540
10446,KATNI,Katni,Katni,MADHYA PRADESH,0101000020E610000060FCF319AB175440AB31EEB7ECDD3740
10447,KHANDWA,Khandwa,Pandhana Tahsil,MADHYA PRADESH,0101000020E6100000A996F4FF30165340728DE3E819D23540
10448,KHARGONE,Khargone,Khargone Tahsil,MADHYA PRADESH,0101000020E6100000DFB2F49F47E75240CE31F2078DD03540
10449,KHATEGAON,Dewas,Khategaon Tahsil,MADHYA PRADESH,0101000020E61000008181F4EFA439534021D2E4EEE2983640
10450,KHETIYA,Khargone,Pansemal Tahsil,MADHYA PRADESH,0101000020E6100000C8D9F42CB1A55240F6DD270B3CAB3540
10451,KHIRKIYA,Harda,Khirkiya Tahsil,MADHYA PRADESH,0101000020E61000000583F4FF3C3753407A08EFE776293640
10452,KRISHI UPAJ MANDI SAMITI PATAN,Jabalpur,Patan Tahsil,MADHYA PRADESH,0101000020E61000005616F48122ED5340C9B16BF034473740
10453,KRISHI UPAJ MANDI SAMITI-ANJAD,Barwani,Anjad Tahsil,MADHYA PRADESH,0101000020E610000024C5F43756C852401F1554FCA5073640
10454,KRISHI UPAJ MANDI SAMITI-BADWAHA,Khargone,Barwaha Tahsil,MADHYA PRADESH,0101000020E610000023A2F47FC402534052EF30EB92403640
10455,KRISHI UPAJ MANDI SAMITI-BANAPURA,Hoshangabad,Seoni-Malwa Tahsil,MADHYA PRADESH,0101000020E61000002C6CF44FF45C534071489D3A07743640
10456,KRISHI UPAJ MANDI SAMITI-BHIKANGAON,Khargone,Bhikangaon Tahsil,MADHYA PRADESH,0101000020E61000002DA6F4FF59FC5240D13C4D2E8BDC3540
10457,KRISHI UPAJ MANDI SAMITI-DHAMNOD,Dhar,Dharampuri Tahsil,MADHYA PRADESH,0101000020E610000087B8745629DE5240CA76400C82353640
10458,KRISHI UPAJ MANDI SAMITI-GANDHWANI,Dhar,Manawar Tahsil,MADHYA PRADESH,0101000020E61000009CCAF47F71BF5240AD56A2EF45673640
10459,KRISHI UPAJ MANDI SAMITI-KARELI,Narsinghpur,Kareli Tahsil,MADHYA PRADESH,0101000020E6100000BA38F47FE6B25340819DFBCE23663740
10460,KRISHI UPAJ MANDI SAMITI-KARHI,Khargone,Maheshwar Tahsil,MADHYA PRADESH,0101000020E610000015ACF43F8DF25240019BFF2F7B4E3640
10461,KRISHI UPAJ MANDI SAMITI-KHURAI,Sagar,Khurai Tahsil,MADHYA PRADESH,0101000020E6100000244AF4FF1A955340EDD5C002210A3840
10462,KRISHI UPAJ MANDI SAMITI-KOLARAS,Shivpuri,Kolaras Tahsil,MADHYA PRADESH,0101000020E61000001C66F4BF88675340909B8760C5363940
10463,KRISHI UPAJ MANDI SAMITI-KUKSHI,Dhar,Kukshi Tahsil,MADHYA PRADESH,0101000020E610000001D3F47F53B05240DF78C4567C363640
10464,KRISHI UPAJ MANDI SAMITI-KUMBHRAJ,Guna,Kumbhraj Tahsil,MADHYA PRADESH,0101000020E6100000BB7EF47FA73D5340C17EC9EA256A3840
10465,KRISHI UPAJ MANDI SAMITI-LASHKAR,Gwalior,Gwalior Tahsil,MADHYA PRADESH,0101000020E61000009626C96D7F8D5340067FC7CFEF313A40
10466,KRISHI UPAJ MANDI SAMITI-NAGOD,Satna,Nagod Tahsil,MADHYA PRADESH,0101000020E6100000F6F3F3FFC525544014CF45032E913840
10467,KRISHI UPAJ MANDI SAMITI-NASRULLAGANJ,Sehore,Nasrullaganj Tahsil,MADHYA PRADESH,0101000020E61000004C74F43F5D4F53404AEBCED615AD3640
10468,KRISHI UPAJ MANDI SAMITI-PANDHURNA,Chhindwara,Pandhurna Tahsil,MADHYA PRADESH,0101000020E61000001743F4FF49A25340152AF3964E973540
10469,KRISHI UPAJ MANDI SAMITI-RAISEN,Raisen,Raisen Tahsil,MADHYA PRADESH,0101000020E6100000E25EF45F47725340530AF87242533740
10470,KRISHI UPAJ MANDI SAMITI-SANAWAD,Khargone,Barwaha Tahsil,MADHYA PRADESH,0101000020E610000017A2F4EFAD035340655F706E292F3640
10471,KRISHI UPAJ MANDI SAMITI-SAUNSAR,Chhindwara,Sausar Tahsil,MADHYA PRADESH,0101000020E6100000FE38F4FF83B35340B1492F5257A63540
10472,KRISHI UPAJ MANDI SAMITI-SHIVPURI,Shivpuri,Khaniyadhana Tahsil,MADHYA PRADESH,0101000020E6100000F064F4FFAF695340060D649D2C7E3940
10473,KRISHI UPAJ MANDI SAMITI-SINGRAULI,Singrauli,Singrauli Tahsil,MADHYA PRADESH,0101000020E6100000F6B0F3FF9F9654409024F8D1F03D3840
10474,KRISHI UPAJ MANDI SAMITI-UDAIPURA,Raisen,Udaipura Tahsil,MADHYA PRADESH,0101000020E6100000B243F4A7C1A05340E952A72C83143740
10475,KURAWAR,Rajgarh,Rajgarh Tehsil,MADHYA PRADESH,0101000020E6100000CB7CF4A7A8415340512D07BEE5843740
10476,LAVKUSHNAGAR,Chhatarpur,Laundi Tahsil,MADHYA PRADESH,0101000020E61000004604F4436E0C54401ED9AE4426123940
10477,MAHIDPUR,Ujjain,Mahidpur Tahsil,MADHYA PRADESH,0101000020E610000007B1F4BF8DEA52403CDF9E24A37C3740
10478,MAIHAR,Satna,Maihar Tahsil,MADHYA PRADESH,0101000020E6100000A0EDF3D0523154404111B51D11403840
10479,MANDLA,Mandla,Mandla Tahsil,MADHYA PRADESH,0101000020E61000004EF5F3FFB7245440F80EDF1E5BAF3640
10480,MANDSAUR,Mandsaur,Neemuch Tehsil,MADHYA PRADESH,0101000020E61000003AC9F4FFA3C1524046EEFB9D00233840
10481,MHOW,Indore,Mhow Tahsil,MADHYA PRADESH,0101000020E610000045AEF4B97FEF5240D6774D0E8E8B3640
10482,MORENA,Morena,Morena Tahsil,MADHYA PRADESH,0101000020E6100000FB57744A0C7F5340F7405EB19B7F3A40
10483,MUNGAOLI,Ashok Nagar,Mungaoli Tahsil,MADHYA PRADESH,0101000020E61000002255F4B7CE835340AB37FD211C703840
10484,NARSINGHGARH,Rajgarh,Narsinghgarh Tahsil,MADHYA PRADESH,0101000020E6100000287AF49061455340550B45D1C9B53740
10485,NEEMUCH,Neemuch,Neemuch Tehsil,MADHYA PRADESH,0101000020E61000006ECBF43F77BD524025EEAFB207713840
10486,NIWARI,Niwari,Niwari Tahsil,MADHYA PRADESH,0101000020E6100000CB3874B332B353407ADF542F85593940
10487,OBAIDULLAGANJ,Raisen,Raisen Tahsil,MADHYA PRADESH,0101000020E6100000C367F49B63655340D2D643EE1DFF3640
10488,PACHORE,Rajgarh,Pachore Tahsil,MADHYA PRADESH,0101000020E6100000F087F42E072F53401C04151990B63740
10489,PALARI,Seoni,Palari Tahsil,MADHYA PRADESH,0101000020E61000004412F49AA8F353408E23094AFE4D3640
10490,PANNA,Panna,Gunnor Tahsil,MADHYA PRADESH,0101000020E6100000B301F473EF0F5440AA69D8C9D0763840
10491,PATHARIA,Damoh,Patharia Tahsil,MADHYA PRADESH,0101000020E6100000E129F4051ACC534072C6714741E63740
10492,PETLAWAD,Jhabua,Petlawad Tahsil,MADHYA PRADESH,0101000020E6100000E7D1F43171B352402C961CCED3FF3640
10493,PIPALIYA,Mandsaur,Mandsaur Tahsil,MADHYA PRADESH,0101000020E610000098C9F42D0DC152406644A06D1C363840
10494,PIPARIYA,Hoshangabad,Pipariya,MADHYA PRADESH,0101000020E61000008F4AF43F349653400CCFC3794CC33640
10495,RAHATGARH,Sagar,Rahatgarh Tahsil,MADHYA PRADESH,0101000020E6100000E84774E2959953401C250CFD2ACA3740
10496,RAJGARH,Rajgarh,Rajgarh Tehsil,MADHYA PRADESH,0101000020E6100000A188F4D1CE2D5340B5D301C965003840
10497,RAJNAGAR,Chhatarpur,Rajnagar,MADHYA PRADESH,0101000020E6100000C026F5DA652552405DEAB9F7D0053740
10498,RATLAM,Ratlam,Ratlam Tahsil,MADHYA PRADESH,0101000020E610000098CDF4FF6EBA5240609328DBD0793740
10499,REHLI,Sagar,Rehli Tahsil,MADHYA PRADESH,0101000020E6100000FA2EF4FB1CC45340361F0EDB10A33740
10500,REWA,Rewa,Huzur Tahsil,MADHYA PRADESH,0101000020E610000039D973164D53544090C7DBC517893840
10501,SAGAR,Sagar,Sagar Tahsil,MADHYA PRADESH,0101000020E6100000003BF43FB1AF5340FA086E4BC3D73740
10502,SANWER,Indore,Mhow Tahsil,MADHYA PRADESH,0101000020E61000003EABF4FFE9F35240BCA4BBD787053740
10503,SATNA,Satna,Satna,MADHYA PRADESH,0101000020E610000092E973417A375440D8447BEB9E953840
10504,SEGAON,Khargone,Segaon Tahsil,MADHYA PRADESH,0101000020E610000062BDF4336BD55240B242325131DB3540
10505,SEHORA,Jabalpur,Sehore Tahsil,MADHYA PRADESH,0101000020E6100000C906F4FF0207544028D66C520A7D3740
10506,SEHORE,Sehore,Sehore Tahsil,MADHYA PRADESH,0101000020E6100000737BF41F8844534037BA9A76CA7B3740
10507,SEMRI HARCHAND,Hoshangabad,Sohagpur Tahsil,MADHYA PRADESH,0101000020E61000004354F41D398653408E125F6B59B03640
10508,SENDHWA,Barwani,Sendhwa Tahsil,MADHYA PRADESH,0101000020E61000008CC7F437FFC452406F068D4724AE3540
10509,SEONI,Seoni,Seoni,MADHYA PRADESH,0101000020E6100000061DF4FF45E25340575CF9E79E143640
10510,SHAHDOL,Shahdol,Sohagpur Tahsil,MADHYA PRADESH,0101000020E6100000B1D6F3ACBA565440BBD19B013F4C3740
10511,SHAHPURA BHITONI,Jabalpur,Shahpura Tahsil,MADHYA PRADESH,0101000020E61000007617F4FFB5EA5340ACDC07C56A243740
10512,SHAJAPUR,Shajapur,Shajapur Tahsil,MADHYA PRADESH,0101000020E61000006199F44B25125340B8AF5265806C3740
10513,SHEOPURKALAN,Sheopur,Sheopur Tahsil,MADHYA PRADESH,0101000020E61000004480F4FFA13B5340C9E6CA074FBC3940
10514,SHUJALPUR,Shajapur,Shujalpur Tahsil,MADHYA PRADESH,0101000020E61000003389F4FFDD2C534086CEC5633C633740
10516,SILWANI,Raisen,Silwani Tahsil,MADHYA PRADESH,0101000020E6100000904674E1759C53402ABE12E6FB4C3740
10517,SIRALI,Harda,Sirali Tahsil,MADHYA PRADESH,0101000020E6100000367BF4E54944534065BABB8CF7243640
10518,SIRONJ,Vidisha,Sironj Tahsil,MADHYA PRADESH,0101000020E61000003F63F42D436C53409D54ACE2BE183840
10519,SONKATCH,Dewas,Sonkatch Tahsil,MADHYA PRADESH,0101000020E61000004C96F4559E165340EAED237ED2F93640
10520,THANDLA,Jhabua,Thandla Tahsil,MADHYA PRADESH,0101000020E6100000B1DAF4390EA5524090073636A4003740
10521,TIKAMGARH,Tikamgarh,Tikamgarh Tahsil,MADHYA PRADESH,0101000020E6100000A038F44D44B453402DBFE42FCEC23840
10522,TIMARNI,Harda,Timarni Tahsil,MADHYA PRADESH,0101000020E6100000A975F44FA94D5340E9AFBE419F733640
10523,UJJAIN,Ujjain,Ujjain Tahsil,MADHYA PRADESH,0101000020E610000001ACF4AF3BF25240E7FB1454992C3740
10524,UMARIA,Umaria,Umaria,MADHYA PRADESH,0101000020E610000062EA7399AB3554401BC6D9B9B9873740
10525,VIDISHA,Vidisha,Vidisha Tahsil,MADHYA PRADESH,0101000020E61000004560F4FF6B715340CF33811E1D983740
10526,AAMGAON,Gondiya,Amgaon Taluka,MAHARASHTRA,0101000020E61000000D3827F50A0C5440602B2A8734733540
10527,AATPADI,Sangli,Atpadi,MAHARASHTRA,0101000020E6100000318CA5A9BCBB52400DA0339370703140
10528,ACHALPUR,Amrawati,Achalpur,MAHARASHTRA,0101000020E6100000306A7485A460534077DA354339423540
10529,AHERI,Gadchiroli,Aheri,MAHARASHTRA,0101000020E61000003C8F16F9000054405553D160CF6A3340
10530,AHMEDNAGAR,Ahmednagar,Ahmednagar,MAHARASHTRA,0101000020E610000018D474723CAF52405557B55C43163340
10531,AKOLA,Akola,Akola,MAHARASHTRA,0101000020E6100000AF7F74188D3F53409BFC923231B83440
10532,AKOT,Akola,Akot,MAHARASHTRA,0101000020E6100000007C74D02B43534026C3C547871A3540
10533,AMALNER,Jalgaon,Amalner,MAHARASHTRA,0101000020E6100000D888B68252C35240C407B8ECA1093540
10534,AMARAVATHI,Amrawati,Amravati,MAHARASHTRA,0101000020E61000001CFD0C2764705340793CF7C0D6EE3440
10535,AMBEJOGAI,Beed,Georai,MAHARASHTRA,0101000020E61000000E32F1F068185340B64B420522BB3240
10536,ANJANGAON SURJI,Amrawati,Anjangaon Surji,MAHARASHTRA,0101000020E61000003271744DF85353404FB0B8D18D2B3540
10537,ARJUNI MORGOAN,Gondiya,Arjuni Morgaon Taluka,MAHARASHTRA,0101000020E6100000DAB97B519D015440C975AEB3B7D13440
10538,ARVI,Wardha,Arvi,MAHARASHTRA,0101000020E6100000BC2EB902A78E5340BC25690EAEFF3440
10539,AURANGABAD,Aurangabad,Aurangabad,MAHARASHTRA,0101000020E61000000AF9E5EFF8D55240299AC7E44AE03340
10540,AUSA,Latur,Ausa,MAHARASHTRA,0101000020E6100000F8B89B063320534011CDBFAA9F3E3240
10541,BARAMATI,Pune,Baramati,MAHARASHTRA,0101000020E6100000527A91CA5EA55240801239062B263240
10542,BARSHI,Solapur,Barshi,MAHARASHTRA,0101000020E61000005E0FCDD1D7EC5240E58527FBB03B3240
10543,Basmat,Hingoli,Basmath,MAHARASHTRA,0101000020E6100000F2B1E088024A5340B0FF7A76E9543340
10544,BEED,Beed,Bid,MAHARASHTRA,0101000020E610000085AD74801AF052400322DDC677FC3240
10545,BHIWAPUR,Nagpur,Bhiwapur Taluka,MAHARASHTRA,0101000020E6100000A37D082E2CE15340184E75E9EAC33440
10546,BHOKAR,Nanded,Bhokar,MAHARASHTRA,0101000020E6100000AF4379D1B46A534000503E5BA6373340
10547,CHALISGAON,Jalgaon,Chalisgaon,MAHARASHTRA,0101000020E61000008AA9B9F635C15240B94A6FB341743440
10548,CHAMORSHI,Gadchiroli,Chamorshi,MAHARASHTRA,0101000020E610000039FF22AD08F953400D74321D21EF3340
10549,CHANDRAPUR,Chandrapur,Chandrapur,MAHARASHTRA,0101000020E6100000312205F346D253409E42DA426EF63340
10550,CHANDUR BAZAR,Amrawati,Chandurbazar,MAHARASHTRA,0101000020E610000041C22599CA6F534027A4F67BA33C3540
10551,CHANDVAD,Nashik,Chandvad,MAHARASHTRA,0101000020E610000069FFCABB1D8F524064BC1AA39A543440
10552,CHIKHALI,Buldhana,Deolgaon Raja,MAHARASHTRA,0101000020E6100000730A5774B3105340D636DCACA6583440
10553,CHOPADA,Jalgaon,Jalgaon,MAHARASHTRA,0101000020E610000031EFB4D3FBD25240B90C0424063E3540
10554,DARYAPUR,Amrawati,Daryapur,MAHARASHTRA,0101000020E610000033E18402B354534032EE97C870EC3440
10555,DEVALA,Nashik,Deola,MAHARASHTRA,0101000020E6100000BEA91A98B68B5240AC77153AB0753440
10556,DHAMANGAON RAILWAY,Amrawati,Amravati,MAHARASHTRA,0101000020E61000000AEE8CF0E38853407C99401EC9C83440
10557,DHULE,Dhule,Dhule,MAHARASHTRA,0101000020E6100000D0964C2C89B252402A2F81CBB5E63440
10558,DIGRAS,Yawatmal,Digras,MAHARASHTRA,0101000020E61000003D82C677F66D5340F4876728B11A3440
10559,DINDORI,Nashik,Dindori Tahsil,MAHARASHTRA,0101000020E61000003BB64E1B7F755240EA8E224602383440
10560,DONDAICHA,Dhule,Dhule,MAHARASHTRA,0101000020E6100000E8DAF4F4BDA352403AE3A9B298543540
10561,DOUND,Pune,Daund,MAHARASHTRA,0101000020E61000004BDA740E9CA452404E31B410C6773240
10563,GEVRAI,Beed,Georai,MAHARASHTRA,0101000020E6100000601D572505F05240A1FBC1BEE5413340
10564,GONDIYA,Gondiya,Gondiya Taluka,MAHARASHTRA,0101000020E6100000B0C3E176060C544012C6A1440F733540
10565,HINGANGHAT,Wardha,Hinganghat,MAHARASHTRA,0101000020E6100000DD725BAE6CB553404480AA89FC883440
10566,HINGOLI,Hingoli,Hingoli,MAHARASHTRA,0101000020E610000057DCDB1740495340F51877416EB93340
10567,INDAPUR,Pune,Indapur,MAHARASHTRA,0101000020E61000003DF96B318FC152401D7D46ED211E3240
10568,JALGAON,Jalgaon,Jalgaon,MAHARASHTRA,0101000020E6100000608CF40908E5524040C320127EFF3440
10569,JALNA,Jalna,Jalna,MAHARASHTRA,0101000020E6100000D08BEF3E21F95240777F84D872DE3340
10570,JINTUR,Parbhani,Jintur,MAHARASHTRA,0101000020E61000007519E043A72B53405CF49688C49D3340
10571,JUNNAR,Pune,Junnar,MAHARASHTRA,0101000020E6100000F5F4F46B187852408193F6C82D363340
10572,KALAMB,Osmanabad,Kalamb,MAHARASHTRA,0101000020E6100000206331A864015340D099A06A64933240
10573,KANNAD,Aurangabad,Kannad,MAHARASHTRA,0101000020E6100000B660CD238CC85240F3AFF8049A433440
10574,KARAD,Satara,Karad,MAHARASHTRA,0101000020E6100000430957FDFF8B5240825766E6B3463140
10575,KARANJA,Washim,Washim,MAHARASHTRA,0101000020E6100000A04A4456525F534083DC49F6027C3440
10576,KARMALA,Solapur,Karmala,MAHARASHTRA,0101000020E6100000B432572E7ACC5240854EB3F731693240
10577,KATOL,Nagpur,Katol,MAHARASHTRA,0101000020E61000008E607DF35EA553404B6E9AA65F463540
10578,KHAMGAON,Buldhana,Khamgaon,MAHARASHTRA,0101000020E6100000D56DD952BF245340EA060B702CB43440
10579,KHED,Pune,Khed,MAHARASHTRA,0101000020E61000008181D4DD16B452403AE69EBE44613240
10580,KOLHAPUR,Kolhapur,Kolhapur,MAHARASHTRA,0101000020E6100000C29DB9BE029152401C7D157EA3B43040
10581,LASALGAON,Nashik,Niphad,MAHARASHTRA,0101000020E610000073A7EEB9178F52402ADB970949243440
10582,LASUR STATION,Aurangabad,Gangapur,MAHARASHTRA,0101000020E6100000D889A534C3C05240BB7AB78306ED3340
10583,LATUR,Latur,Latur,MAHARASHTRA,0101000020E6100000D86D071B2325534098045248FE643240
10584,LONAND,Satara,Khandala,MAHARASHTRA,0101000020E610000035095713358C5240463D891B2A0A3240
10585,LONAR,Buldhana,Lonar,MAHARASHTRA,0101000020E6100000E991CFAA8E215340538B4B0C7CFC3340
10586,MAJALGAON,Beed,Manjlegaon,MAHARASHTRA,0101000020E61000009F1B2B2CA20D5340E6018277DC273340
10587,MALEGOAN,Nashik,Malegoan,MAHARASHTRA,0101000020E6100000A553A35287A15240254D4D62A48E3440
10588,Malkapur,Buldhana,Malkapur,MAHARASHTRA,0101000020E6100000E31B505D1F0D534055FA4A25F0E33440
10589,MANGALWEDHA,Solapur,Mangalvedhe,MAHARASHTRA,0101000020E61000003699B95462DC5240044A634D2C853140
10590,MANGRULPEER,Washim,Mangrulpir,MAHARASHTRA,0101000020E6100000B6F007BBED55534062BECA92A0533440
10591,MANORA,Washim,Mangrulpir,MAHARASHTRA,0101000020E6100000D5671B351D645340BE1AF145B5313440
10592,MORSHI,Amrawati,Amravati,MAHARASHTRA,0101000020E6100000F736B9BBCE80534047E95C5A4A573540
10593,MUL,Chandrapur,Mul,MAHARASHTRA,0101000020E61000000CD7ED6F8BEB534011FD749E28103440
10594,MUMBAI,Mumbai,Thane,MAHARASHTRA,0101000020E6100000F215F5008E4052402477AE9C8E113340
10595,MURTIZAPUR,Akola,Akola,MAHARASHTRA,0101000020E6100000C5F0E00415575340470D121199BC3440
10596,MURUM,Osmanabad,Osmanabad,MAHARASHTRA,0101000020E61000006591F4997F1E5340576D2C3AE0C83140
10597,NAGBHID,Chandrapur,Nagbhir Taluka,MAHARASHTRA,0101000020E6100000A4BF26C470EB5340B5684FB78E953440
10598,NAGPUR,Nagpur,Nagpur Rural Taluka,MAHARASHTRA,0101000020E6100000590BB92873C953409FDF871F112A3540
10599,NAMPUR,Nashik,Malegaon,MAHARASHTRA,0101000020E610000043F4A5C6FE9352403BC50A0D58B93440
10600,NANDED,Nanded,Naigaon (Khairgaon),MAHARASHTRA,0101000020E61000001B52F9F02B545340956570D9AD2A3340
10601,NANDGAON,Nashik,Nandgaon-Khandeshwar,MAHARASHTRA,0101000020E6100000AB97A533F9A95240D01041ABA44C3440
10602,NANDURBAR,Nandurbar,Nandurbar,MAHARASHTRA,0101000020E610000074ED1D7F738F5240DFB71B74F45E3540
10604,NER PARASOPANT,Yawatmal,Ner,MAHARASHTRA,0101000020E6100000E33CB910A1775340D4556721777D3440
10605,NEWASA,Ahmednagar,Nevasa,MAHARASHTRA,0101000020E61000009C6076E844C35240C236FDAAB59B3340
10606,PANDHARPUR,Solapur,Pandharpur,MAHARASHTRA,0101000020E6100000E62D57D57FD4524064303DF255AD3140
10607,PARBHANI,Parbhani,Parbhani,MAHARASHTRA,0101000020E6100000B79EEA97F7305340900C926431433340
10608,Parli Vaijyanath,Beed,Parli,MAHARASHTRA,0101000020E6100000534F57FDAA2153408DDB866B2DDA3240
10609,PARTUR,Jalna,Partur,MAHARASHTRA,0101000020E6100000977B8D716D0D534023A78597F1963340
10610,PHALTAN,Satara,Phaltan,MAHARASHTRA,0101000020E6100000B5F076154E9C52405C442CF401FE3140
10611,PIMPALGAON BASWANT,Nashik,Niphad,MAHARASHTRA,0101000020E61000000A7108E39C7F524081793FFCA82A3440
10612,PUNE,Pune,Pune City,MAHARASHTRA,0101000020E610000042C67D39D576524023E18D9136853240
10613,RAHATA,Ahmednagar,Rahta,MAHARASHTRA,0101000020E61000004EDE9BB5979E524091484184A8BD3340
10614,RAHURI,Ahmednagar,Rahuri,MAHARASHTRA,0101000020E6100000EBD654A868A952402E0D5297A8633340
10615,RISOD,Washim,Risod,MAHARASHTRA,0101000020E6100000C085F4E5B532534022B10126DFF93340
10616,SANGAMNER,Ahmednagar,Sangamner,MAHARASHTRA,0101000020E61000001D49F415DC8C524011713F4C5D953340
10617,SANGLI,Sangli,Miraj,MAHARASHTRA,0101000020E61000004C3AF46564A55240A1B8AB7595DA3040
10618,SANGOLA,Solapur,Sangole,MAHARASHTRA,0101000020E6100000ADCAE0B99FCC52405F3BAE961A723140
10619,SATANA,Nashik,Nashik,MAHARASHTRA,0101000020E610000086E8F4433A8D5240EA4160F188973440
10620,SAVNER,Nagpur,Savner,MAHARASHTRA,0101000020E61000005A3C603884BB53405F3C1F5DA7613540
10621,SELU,Parbhani,Parbhani,MAHARASHTRA,0101000020E61000006293F4AA071C53403022040DA1733340
10622,SENGOAN,Hingoli,Sengaon,MAHARASHTRA,0101000020E610000049E3B1577E2C53408E99C48663CB3440
10623,SHAHADA,Nandurbar,Shahade,MAHARASHTRA,0101000020E610000029C10321D692524059C8208D71753540
10624,SHEGAON,Khargone,Shegaon,MAHARASHTRA,0101000020E6100000B1498ECE2E2C5340454C830BAECC3440
10625,SHIRPUR,Dhule,Shirpur,MAHARASHTRA,0101000020E6100000F8FE608F9FB85240922165B3EF553540
10626,SHIRUR,Pune,Shirur,MAHARASHTRA,0101000020E61000003CA9C954868C52401A54809FB3063240
10627,SHRIRAMPUR,Ahmednagar,Shrirampur,MAHARASHTRA,0101000020E610000014731D6CE4AA5240EBD12189369E3340
10628,Sindevahi,Chandrapur,Savner,MAHARASHTRA,0101000020E61000000C24EF3C18EA534024207ECCAD493440
10629,SINDI,Wardha,Seloo,MAHARASHTRA,0101000020E6100000363642DC72B85340F896328F38CE3440
10630,SINNER,Nashik,Sinner,MAHARASHTRA,0101000020E610000068C056D05B805240FF2D9151A3D83340
10631,SOLAPUR,Solapur,Solapur North,MAHARASHTRA,0101000020E61000001206F4634CFB52403066FFBE80AE3140
10632,TIRODA,Gondiya,Tirora Taluka,MAHARASHTRA,0101000020E61000002B1D25A6BDFB5340AEA8AEFED9683540
10633,TUMSAR,Bhandara,Tumsar Taluka,MAHARASHTRA,0101000020E6100000C9707A2BD1EE534091F7D336CB5E3540
10634,UDGIR,Latur,Latur,MAHARASHTRA,0101000020E61000006D212F915E475340A22BB8E688633240
10635,UMRANE,Nashik,Deola,MAHARASHTRA,0101000020E61000000082A2C19F9852406B7A6C3E9A723440
10636,VAI,Satara,Wai,MAHARASHTRA,0101000020E6100000D9D4F1ED3F7952406677B89651F13140
10637,VAIJAPUR,Aurangabad,Vaijapur,MAHARASHTRA,0101000020E61000001ED552EC8AAE524080CEB9CEABEC3340
10638,VANI,Yawatmal,Yawatmal,MAHARASHTRA,0101000020E61000007932F4ECAABD5340EC16EEA358103440
10639,VARORA,Chandrapur,Warora,MAHARASHTRA,0101000020E6100000D8B898C3A4C05340657A6A61013C3440
10640,WARDHA,Wardha,Wardha,MAHARASHTRA,0101000020E610000035D0DF6E79A65340D34116ACBBBB3440
10641,WASHIM,Washim,Washim,MAHARASHTRA,0101000020E61000006314B9814849534015274A5E271A3440
10642,YAVATMAL,Yawatmal,Yavatmal,MAHARASHTRA,0101000020E61000000972F2D58D88534034F2335A3A673440
10643,YEOLA,Nashik,Nandgaon-Khandeshwar,MAHARASHTRA,0101000020E6100000079DA5C912A052401DFF7AB5190B3440
10644,DIMAPUR APMC,Dimapur,Dimapur Sadar,NAGALAND,0101000020E6100000FEF8F124CB7057400ABF12B4A4DC3940
10645,KOHIMA APMC,Kohima,Kohima Sadar,NAGALAND,0101000020E6100000F8EEF14F8A8657403DC24D5D2FA93940
10646,MOKOKCHUNG APMC,Mokokchung,Mokokchung,NAGALAND,0101000020E610000021E1F1FFFBA057401655D04F0D533A40
10647,MON APMC,Mon,Mon Sadar,NAGALAND,0101000020E6100000B9CC71FEA6C257407E3DAD9B20BA3A40
10648,PFUTSERO APMC,Pfutsero,Pfutsero,NAGALAND,0101000020E610000028DFF1772D9D5740594369E20DB13940
10649,WOKHA APMC,Wokha,Wokha Sadar,NAGALAND,0101000020E6100000EFEAF11A5B9057403991DD8DC21A3A40
10650,ZUNHEBOTO APMC,Zunheboto,Zunheboto Sadar,NAGALAND,0101000020E6100000B5DEF1F9E2A15740D409B0203E053A40
10651,ANANDAPUR,Keonjhar,Anandapur,ODISHA,0101000020E61000001D017B5BBD875540BE8F1021F0363540
10652,ANGUL,Angul,Anugul,ODISHA,0101000020E61000005E28B86C29465540BFABCD815CD63440
10653,ATHMALLIK,Angul,Athmallik,ODISHA,0101000020E6100000D847F3792A46554057D272B055D63440
10654,ATTABIRA,Bargarh,Attabira,ODISHA,0101000020E6100000935A2807A1F154409A17761A865F3540
10655,BAHADAJHOLA,Nayagarh,Nuagaon,ODISHA,0101000020E6100000CF45F379B14655408235FCB8F2223440
10656,BALASORE,Balasore,Baleshwar Sadar,ODISHA,0101000020E61000008B02F34F0CBB554077D43B9BEA7F3540
10657,BALUGAON,Khorda,Banapur,ODISHA,0101000020E610000031D3EF767B4D554055D9D1CD1DBE3340
10658,BANKI,Cuttack,Banki,ODISHA,0101000020E61000005037F303EE61554078870726F2603440
10659,BARGARH,Bargarh,Bargarh,ODISHA,0101000020E61000008BFF062BADE85440F75DC45621573540
10660,BARIPADA,Mayurbhanj,Baripada Sadar,ODISHA,0101000020E61000001D89067361AF554046CF836231EE3540
10661,BETNOTI,Mayurbhanj,Betanati,ODISHA,0101000020E610000032E5B7EAFEB5554019DB0FFD72BC3540
10662,BHADRAK,Bhadrak,Bhadrak Rural,ODISHA,0101000020E6100000C3D1CA95DFA05540D884A8C915113540
10663,BHANJANAGAR,Ganjam,Bhanjanagar,ODISHA,0101000020E6100000A959F30373285540CC98E9E2C5F73340
10664,BHAWANIPATNA,Kalahandi,Kesinga,ODISHA,0101000020E6100000C3F0F2292CCC5440F4DAA3FAA6EA3340
10665,BONAI,Sundargarh,Sundargarh,ODISHA,0101000020E61000003C4CF313B83C5540B946F0F4B3D23540
10666,BOUDH,Boudh,Baudh Sadar,ODISHA,0101000020E6100000EE6573E49E1455403A116B6ADBD63440
10667,CHANDBALI,Bhadrak,Chandabali,ODISHA,0101000020E6100000E2E8B70A9AAF5540D1B5E1821DC63440
10668,DEOGARH,Deogarh,Deogarh,ODISHA,0101000020E6100000785673C8CD2E5540BEE225A58B893540
10669,DHENKANAL,Dhenkanal,Dhenkanal Sadar,ODISHA,0101000020E61000005535F3934A665540929C6A519EA93440
10670,DIGAPAHANDI,Ganjam,Digapahandi,ODISHA,0101000020E61000001B3D171851235540135911E9F1633340
10671,DUNGURIPALI,Sonepur,Dunguripali,ODISHA,0101000020E61000001083F38671E35440DDFD66C6190A3540
10672,GUNUPUR,Rayagada,Gunupur,ODISHA,0101000020E61000002C39B5AA33F454409EB9A5977E153340
10673,HINDOL,Dhenkanal,Hindol,ODISHA,0101000020E61000001083F38671E35440DDFD66C6190A3540
10674,HINJILICUT,Ganjam,Ganjam,ODISHA,0101000020E6100000F255F32C072F5540628E5F5FC07D3340
10675,JAGATSINGHPUR,Jagatsinghpur,Jagatsinghapur,ODISHA,0101000020E6100000545E90CC6A8A55408BAB026550423440
10676,JAJPUR,Jajpur,Jajapur,ODISHA,0101000020E61000009038947A289555406BB4B1355DDA3440
10677,JALESWAR,Balasore,Jaleswar,ODISHA,0101000020E610000096F6F2638ACE5540FAB91CD08ACC3540
10678,JATNI,Khorda,Bhubaneswar (M.Corp.),ODISHA,0101000020E6100000A8801AF7FF6C5540DEFA3424D1283440
10679,JEYPORE,Koraput,Jeypore,ODISHA,0101000020E61000009888B8BCD6A35440828FA3D913E33240
10680,JHARSUGUDA,Jharsuguda,Jharsuguda,ODISHA,0101000020E61000000271F3D56E005540FA0647DB25E03540
10681,KAMAKHYANAGAR,Dhenkanal,Kamakhyanagar,ODISHA,0101000020E61000007933F3DB7868554033D1D1F374EA3440
10682,KANDHAMAL,Kandhamal,Phulabani Town,ODISHA,0101000020E6100000BFE8764DD50F5540201FA089227A3440
10683,KANTABANJI,Balangir,Patnagarh,ODISHA,0101000020E6100000887BF0DBC2BA544057478BF0E0773440
10684,KARANJIA,Mayurbhanj,Karanjia,ODISHA,0101000020E61000005926F3DF317E5540532CC7B926C33540
10685,KENDRAPARA,Kendrapara,Kendrapara,ODISHA,0101000020E6100000242DE9224B9B55403E7BED991F7F3440
10686,KENDUPATNA,Cuttack,Salepur,ODISHA,0101000020E6100000BC9EF0D0D38B5540751CF934647A3440
10687,KESINGA,Kalahandi,Kesinga,ODISHA,0101000020E6100000E54F7DFDE4CD5440DA6A6A18A32F3440
10688,KORAPUT,Koraput,Koraput,ODISHA,0101000020E6100000CBDA24FB9CAD54408BD32E2192CE3240
10689,KUCHINDA,Sambalpur,Sambalpur (M),ODISHA,0101000020E61000004C64F37A77165540E8447DC944BF3540
10690,MALKANGIRI,Malkangiri,Malkangiri,ODISHA,0101000020E610000059131B43D6785440D1AB2FB3E75C3240
10691,NABARANGPUR,Nabarangapur,Nabarangapur,ODISHA,0101000020E6100000EC75F2BE0C8E544095C61C1EA8A83340
10692,NARSINGHPUR,Cuttack,Narasinghpur,ODISHA,0101000020E61000006048F3CDC8445540360B1A27D4753440
10693,NIMAPARA,Puri,Nimapada,ODISHA,0101000020E6100000F804B890BB805540D7D5F8E344103440
10694,PADAMPUR OD,Bargarh,Padampur Tehsil,ODISHA,0101000020E610000065759FACFDC35440CC7DBA32E0FF3440
10695,PALLAHARA,Angul,Anugul,ODISHA,0101000020E6100000D3AEF328E74B5540812E4813A7703540
10696,PANPOSH,Sundargarh,Bisra,ODISHA,0101000020E61000004F34B82E6D315540DF86499DA43C3640
10697,PARALAKHEMUNDI,Gajapati,Paralakhemundi,ODISHA,0101000020E61000009DA6A4FAE20555402E814D4ABBC73240
10698,RAHAMA,Jagatsinghpur,Tirtol,ODISHA,0101000020E61000007DD5ECFB129A55408BFCF5E5254D3440
10699,RAYAGADA,Rayagada,Rayagada,ODISHA,0101000020E610000006487D89C4DA5440BFE188446D2F3340
10700,SAKHIGOPAL,Puri,Satyabadi,ODISHA,0101000020E61000003922C339677455405BBE68E545F23340
10701,SAMBALPUR,Sambalpur,Barapali,ODISHA,0101000020E6100000795F93A4BDFC54407C9A2862E27F3540
10702,TALCHER,Angul,Talcher Sadar,ODISHA,0101000020E6100000D81AFECBC04D5540DEE673B127F23440
10703,TIKABALI,Kandhamal,Raikia,ODISHA,0101000020E61000005442F0D9CE1955406FEB6D161BC53340
10704,UDALA,Mayurbhanj,Udala,ODISHA,0101000020E6100000A2EF534970A45540C131B2B432933540
10705,KARAIKAL,Karaikal,Karaikal Taluk,PUDUCHERRY,0101000020E6100000BC01F3CB59F553400EB32D3245D82540
10706,THATTANCHAVADY,Pondicherry,Puducherry Taluk,PUDUCHERRY,0101000020E61000008F086417A8F353400C8D59AAC0E22740
10707,ABOHAR,Fazilka,Abohar Tahsil,PUNJAB,0101000020E610000053E9F417768C5240F6909A485B273E40
10708,AJNALA,Amritsar,Ajnala Tahsil,PUNJAB,0101000020E6100000EAD3F46801B05240C59E01A301D63F40
10709,AMLOH APMC,Fatehgarh Sahib,Amloh Tahsil,PUNJAB,0101000020E610000018B3EA27A80E5340EA0D173285993E40
10710,AMRITSAR,Amritsar,Amritsar II Tahsil,PUNJAB,0101000020E610000018B3EA27A80E5340EA0D173285993E40
10711,ATTARI,Amritsar,Amritsar II Tahsil,PUNJAB,0101000020E6100000F7D8F47782A75240E964CEF7809B3F40
10712,BALACHAUR,Shaheed Bhagat Singh Nagar,Balachaur Tahsil,PUNJAB,0101000020E61000002498F47CA7135340064E2DE7FE0F3F40
10713,BANGA,Shaheed Bhagat Singh Nagar,Banga Tahsil,PUNJAB,0101000020E6100000EEA4F4BC21FF5240673EC4CD48303F40
10714,BARETA,Mansa,Mansa Tahsil,PUNJAB,0101000020E6100000A0B0F49B92EB524020E1A524B9E03D40
10715,BARNALA,Barnala,Barnala Tahsil,PUNJAB,0101000020E6100000019529BF63E25240FEF597DDF45E3E40
10716,BATALA,Gurdaspur,Batala Tahsil,PUNJAB,0101000020E610000088C2F4BBBECC524049A1C2FA51D63F40
10717,BHATINDA,Bathinda,Bathinda,PUNJAB,0101000020E61000009A8C7E3D4FBC52409B91FD98D5323E40
10718,BHIKHI APMC,Mansa,Mansa,PUNJAB,0101000020E6100000B3B5F4571CE2524064140FFB87113E40
10719,BHIKHIWIND,Tarn Taran Sahib,Tarn Taran Tahsil,PUNJAB,0101000020E610000034D6F45338AC5240CC4A83C193583F40
10720,BHOGPUR,Jalandhar,Jalandhar I Tahsil,PUNJAB,0101000020E610000031B2F45EE1E85240FC655F978D8C3F40
10721,BHUCHO MANDI APMC,Bathinda,Bathinda,PUNJAB,0101000020E6100000F1FE950539C65240AEF408CF7C363E40
10722,BUDHLADA APMC,Mansa,Mansa,PUNJAB,0101000020E61000008AB5F43321E35240C95A152784EC3D40
10723,DERA BABA NANAK,Gurdaspur,Dera Baba Nanak Tahsil,PUNJAB,0101000020E610000016C9747BA8C152406AD9C6C199034040
10724,DHURI,Sangrur,Dhuri Tahsil,PUNJAB,0101000020E6100000F3A8F409DCF75240BC326BEC3C5D3E40
10725,DINANAGAR,Gurdaspur,Gurdaspur Tahsil,PUNJAB,0101000020E6100000D6B8F4C945DD5240CA9D86E440114040
10726,DUDAN SADHAN,Patiala,Patiala Tahsil,PUNJAB,0101000020E6100000988FF42DBB215340565CAEA7092A3E40
10727,FARIDKOT APMC,Faridkot,Faridkot Tahsil,PUNJAB,0101000020E6100000895308DF8DB05240BC9E21B831AF3E40
10728,FATEHGARH CHURIAN,Gurdaspur,Gurdaspur Tahsil,PUNJAB,0101000020E61000004DCBF40FD4BD52404AFF5FDC32DE3F40
10729,FATHEGARH SAHIB,Fatehgarh Sahib,Fatehgarh Sahib Tahsil,PUNJAB,0101000020E61000003F95746B9D185340347AA74C869C3E40
10730,FAZILKA,Fazilka,Fazilka Tahsil,PUNJAB,0101000020E6100000F1EEF4A73B825240F73AAA8C5E673E40
10731,FEROZEPUR CANTT,Ferozpur,Firozpur Tahsil,PUNJAB,0101000020E61000002CD8F4DFBEA85240881E1AD2E9EB3E40
10732,FEROZEPUR CITY APMC,Ferozpur,Firozpur Tahsil,PUNJAB,0101000020E6100000A9D8F4F008A85240C6AAA6EE24F63E40
10733,GIDDERBAHA,Sri Muktsar Sahib,Gidderbaha Tahsil,PUNJAB,0101000020E6100000BDD6F470C2AA5240643973DC23373E40
10734,GONIANA,Bathinda,Bathinda Tahsil,PUNJAB,0101000020E610000075CDF4CA67BA5240ED40F55805513E40
10735,GURDASPUR APMC,Gurdaspur,Gurdaspur Tahsil,PUNJAB,0101000020E61000000DBBF4298FD9524023446F862F054040
10736,GURUHARSAHAI,Ferozpur,Guruharsahai Tahsil,PUNJAB,0101000020E61000002DE1F4C047995240BE305903FBB63E40
10737,HOSHIYARPUR,Hoshiarpur,Hoshiarpur Tahsil,PUNJAB,0101000020E61000009EA7F43761F952409129F225ED833F40
10738,JAGRAON,Ludhiana,Jagraon Tahsil,PUNJAB,0101000020E6100000C4B8F4C792DD52405015FF24B0CD3E40
10739,JAITO,Faridkot,Jaitu Tahsil,PUNJAB,0101000020E6100000EFCEF40B47B85240A81A823039753E40
10740,JALALBAD,Fazilka,Jalalabad Tahsil,PUNJAB,0101000020E610000084D294A288905240799020B76B9C3E40
10741,JALANDHAR,Jalandhar,Jalandhar I Tahsil,PUNJAB,0101000020E6100000D6B4F4335CE45240A1195DFEEF563F40
10742,JANDIALA GURU GEHRI,Amritsar,Amritsar I Tahsil,PUNJAB,0101000020E6100000E2C8F45CAFC252408F74B114B4923F40
10743,KALANAUR,Gurdaspur,Kalanaur,PUNJAB,0101000020E6100000FDC4F4DC46C952408F10B46CDA004040
10744,KAPURTHALA APMC,Kapurthala,Kapurthala Tahsil,PUNJAB,0101000020E6100000CFBBF45DB7D7524058BFF67EA65D3F40
10745,KHANAURI,Sangrur,Moonak Tahsil,PUNJAB,0101000020E610000025A0F4E60D075340B49A4BA00AD53D40
10746,KHANNA APMC,Ludhiana,Khanna Tahsil,PUNJAB,0101000020E6100000EF9B747B980D53404C67F2D24DB63E40
10747,KHARAR APMC,S.A.S Nagar,Kharar Tahsil,PUNJAB,0101000020E61000002D8B74F106295340D2772DEFFDBF3E40
10748,KHEMKARAN,Tarn Taran Sahib,Tarn Taran Tahsil,PUNJAB,0101000020E6100000B5DAF4543FA452401DE724ED78243F40
10749,KOTKAPURA APMC,Faridkot,Jaitu Tahsil,PUNJAB,0101000020E610000062907EC9ABB55240FCA08DE072953E40
10750,LEHRAGAGA,Sangrur,Moonak Tahsil,PUNJAB,0101000020E61000002FAB749D17F452408BEB695CD3F03D40
10751,LUDHIANA APMC,Ludhiana,Ludhiana (East) Tahsil,PUNJAB,0101000020E610000058A9F499C5F652401AD845BD0CDF3E40
10752,MACHHIWARA SAHIB,Ludhiana,Samrala Tahsil,PUNJAB,0101000020E6100000039DF419210C534086BD7FFA3DE83E40
10753,MAKHU,Ferozpur,Zira Tahsil,PUNJAB,0101000020E610000012CBF42149BE52401C8A5948871B3F40
10754,MALERKOTLA,Sangrur,Malerkotla Tahsil,PUNJAB,0101000020E6100000A5A8F451A2F852408302E1FDC5843E40
10755,MALOUT APMC,Sri Muktsar Sahib,Malout Tahsil,PUNJAB,0101000020E61000008CDDF421B39F52401F7C8279E9333E40
10756,MANSA,Gandhinagar,Mansa,PUNJAB,0101000020E6100000D223F5FF1D2A5240AA196534EA6C3740
10757,MAUR,Bathinda,Bathinda Tahsil,PUNJAB,0101000020E6100000B9C1F4D728CE5240F27D400E92133E40
10758,MEHTA,Amritsar,Baba Bakala Tahsil,PUNJAB,0101000020E610000091C0749804D05240762D82617AAD3F40
10759,MOGA APMC,Moga,Moga Tahsil,PUNJAB,0101000020E61000000DC4F44F2DCA52402242A74AE4D33E40
10760,MOONAK,Sangrur,Moonak Tahsil,PUNJAB,0101000020E610000099A7F4A9A3F95240EEDE33E01ED43D40
10761,MUKTSAR,Sri Muktsar Sahib,Muktsar Tahsil,PUNJAB,0101000020E6100000FFDCF48F62A05240982BF84052793E40
10762,NABHA,Patiala,Nabha Tahsil,PUNJAB,0101000020E6100000C09EF4CDCA0853407117C06CA05F3E40
10763,NAKODAR,Jalandhar,Nakodar Tahsil,PUNJAB,0101000020E6100000A69EF451CE0853404A18C06CA05F3E40
10764,NAUSHEHARA PANNUAN,Tarn Taran Sahib,Tarn Taran Tahsil,PUNJAB,0101000020E610000002CC749E2FBD52409241B3C734553F40
10765,NAWANSHAHR MARKET,Shaheed Bhagat Singh Nagar,Nawanshahr Tahsil,PUNJAB,0101000020E6100000F09FF4978A065340466ED5CDC41E3F40
10766,PATHANKOT,Pathankot,Pathankot Tahsil,PUNJAB,0101000020E6100000F0B1F4B1F7E85240EE8EA95D4A214040
10767,PATIALA,Patiala,Patiala Tahsil,PUNJAB,0101000020E6100000869434F6F6195340A993F13777543E40
10768,PATRAN,Patiala,Patran Tahsil,PUNJAB,0101000020E6100000EDA174B72A035340B79630E613F43D40
10769,PATTI,Tarn Taran Sahib,Patti Tahsil,PUNJAB,0101000020E610000017D0F4634BB652402F1EAD0519463F40
10770,PHAGWARA,Kapurthala,Phagwara Tahsil,PUNJAB,0101000020E6100000E3ACF455B4F15240F134DE74693B3F40
10771,RAJPURA,Patiala,Rajpura Tahsil,PUNJAB,0101000020E6100000848DF4AD28255340D3933690C5763E40
10772,RAMAN APMC,Bathinda,Talwandi Sabo Tahsil,PUNJAB,0101000020E6100000D3887E41AFC152402CD92F99B9F73D40
10773,RAMPURA PHUL,Bathinda,Rampura Phul Tahsil,PUNJAB,0101000020E61000004C31175A31CF52401EFD3AEC4B443E40
10774,RAYYA,Amritsar,Amritsar I Tahsil,PUNJAB,0101000020E610000056C174CE47CF524024B5CA67658A3F40
10775,ROPAR,Rupnagar,Rupnagar Tahsil,PUNJAB,0101000020E61000004E8FF495162253408732C13EDAF33E40
10776,SADIQ,Faridkot,Faridkot Tahsil,PUNJAB,0101000020E6100000E3D9F44AC0A55240FDE0B6A286B53E40
10777,SAMANA,Patiala,Samana Tahsil,PUNJAB,0101000020E6100000809C746D2F0C534008A5BA8AE3253E40
10778,SANGRUR,Sangrur,Sangrur Tahsil,PUNJAB,0101000020E6100000A8A9F43B70F55240F057FD0058413E40
10779,SARDULGARH APMC,Mansa,Mansa,PUNJAB,0101000020E6100000CFC0F4595ACF524047A137D97FB03D40
10780,SHAHKOT,Jalandhar,Shahkot Tahsil,PUNJAB,0101000020E610000022BDF46A7FD552408E4217F44F153F40
10781,SULTANPUR LODHI,Kapurthala,Sultanpur Lodhi Tahsil,PUNJAB,0101000020E6100000A5C2F44C5ACD524019A162157B383F40
10782,SUNAM,Sangrur,Sunam Tahsil,PUNJAB,0101000020E61000007CAB74F50AF4524010C964ABC91F3E40
10783,TALWANDI BHAI,Ferozpur,Zira Tahsil,PUNJAB,0101000020E610000075CCF4A9C3BB52403D18A0EE92DD3E40
10784,TAPPA,Barnala,Barnala Tahsil,PUNJAB,0101000020E6100000457C7ED8E3D752409414EE59FA483E40
10785,TARN TARAN APMC,Tarn Taran Sahib,Tarn Taran Tahsil,PUNJAB,0101000020E610000085CCF445DCBB52405DF50FCFDA753F40
10786,AABU ROAD,Sirohi,Abu Road Tehsil,RAJASTHAN,0101000020E6100000951FF54D32315240BF685BE7B17C3840
10787,AJMER F AND V,Ajmer,Ajmer Tehsil,RAJASTHAN,0101000020E6100000A2D8F4ADD3A7524099BBFF028F663A40
10788,AJMER GRAIN,Ajmer,Ajmer Tehsil,RAJASTHAN,0101000020E61000003AD8F44D60A852402D4475F3DB6A3A40
10789,ALWAR,Alwar,Alwar Tehsil,RAJASTHAN,0101000020E6100000F08CF44D4A275340D64748D66F8F3B40
10790,ANOOPGARH,Sri Ganganagar,Anupgarh Tehsil,RAJASTHAN,0101000020E6100000A8CE7EA5654D5240A65ABEA6402E3D40
10791,ANTA,Baran,Kota Tahsil,RAJASTHAN,0101000020E61000008FC9F44D29C152404268BD6423353840
10792,ATRU,Baran,Baran Tehsil,RAJASTHAN,0101000020E61000000C89F40DB22C53403572A34E71D43840
10793,BAJJU,Bikaner,Bikaner Tehsil,RAJASTHAN,0101000020E61000001A29F5DBC3205240E47108713DEF3B40
10794,BALOTRA,Barmer,Barmer Tehsil,RAJASTHAN,0101000020E6100000C554F5FF41D951407398BD8486BE3940
10795,BANDIKUI,Dausa,Dausa Tehsil,RAJASTHAN,0101000020E6100000008EF44D01255340A73F42BF110A3B40
10796,BANSWARA,Banswara,Banswara Tehsil,RAJASTHAN,0101000020E61000003EE4F40D1E9452404E8313938E6E3740
10797,BARAN,Baran,Baran Tehsil,RAJASTHAN,0101000020E61000008A90F4CD58205340814AE5AA4C193940
10798,BARISADRI,Chittorgarh,Bari Sadri Tehsil,RAJASTHAN,0101000020E610000040DEF44DB59E5240A880A86AA2683840
10799,BARMER,Barmer,Barmer Tehsil,RAJASTHAN,0101000020E6100000F04FF54D83E051407612EBE034BA3940
10800,BARODAMEV,Alwar,Lachhmangarh Tehsil,RAJASTHAN,0101000020E6100000C582F40D3E375340E92D0D67D67B3B40
10801,BASSI,Jaipur,Jaipur,RAJASTHAN,0101000020E610000085A0F48D95055340F8F2CAAAA0CD3A40
10802,BAYANA,Bharatpur,Bayana Tehsil,RAJASTHAN,0101000020E6100000C673F44D0152534061525D9BBFE63A40
10803,BEAWAR,Ajmer,Beawar Tehsil,RAJASTHAN,0101000020E610000095E4F4FDB59352405C9EA33DAB173A40
10804,BEGU,Chittorgarh,Begun Tehsil,RAJASTHAN,0101000020E6100000DCC9F44DA2C052404E1E2ABB8FFB3840
10805,BHADRA,Hanumangarh,Bhadra Tehsil,RAJASTHAN,0101000020E61000006FC4F44D20CA5240139711C4E1183D40
10806,BHAGAT KI KOTHI,Jodhpur,Jodhpur Tehsil,RAJASTHAN,0101000020E6100000FB15F52AEB405240C20C5EB7113E3A40
10807,BHARATPUR,Bharatpur,Bharatpur Tehsil,RAJASTHAN,0101000020E6100000286BF4AD845F5340E7F8556E72383B40
10808,BHAWANI MANDI,Jhalawar,Bhawani Mandi,RAJASTHAN,0101000020E61000008AAAF4FF24F55240CBE066DE776A3840
10809,BHILWARA,Bhilwara,Bhilwara Tehsil,RAJASTHAN,0101000020E610000042D8F42D44A85240A0D3F64AFF633940
10810,BHINMAL,Jalore,Bhinmal Tehsil,RAJASTHAN,0101000020E61000006035F54DCF0C52408DE0578318C63840
10811,BIJAY NAGAR,Ajmer,Nasirabad Tehsil,RAJASTHAN,0101000020E610000074D3F40D79B15240DFABA544790D3A40
10812,BIJOLIYA,Bhilwara,Bhilwara Tehsil,RAJASTHAN,0101000020E6100000567EEE7EB2D452402E2248D1B8293940
10813,BIKANER F AND V,Bikaner,Bikaner Tehsil,RAJASTHAN,0101000020E6100000FD0BF57F485252407FD1F18F4F093C40
10814,BIKANER GRAIN,Bikaner,Bikaner Tehsil,RAJASTHAN,0101000020E6100000BA0AF5855E545240D8275EB1320B3C40
10815,BILARA,Jodhpur,Bilara Tehsil,RAJASTHAN,0101000020E61000005BFBF493826D524098D4EC24B52C3A40
10816,BUNDI,Bundi,Bundi Tehsil,RAJASTHAN,0101000020E61000002DB2F4CDF9E852401ECBBC6D9E703940
10817,CHABRA,Baran,Baran Tehsil,RAJASTHAN,0101000020E610000041C6F44D15C652405F9FEBF49BF23740
10818,CHAKSU,Jaipur,Jaipur,RAJASTHAN,0101000020E610000022A6F4CD4FFC5240F7D073B3BF9A3A40
10819,CHIRAWA,Jhunjhunu,Chirawa Tehsil,RAJASTHAN,0101000020E610000080B1F44DF1E95240EFB7755C5B3C3C40
10820,CHITTORGARH,Chittorgarh,Chittaurgarh Tehsil,RAJASTHAN,0101000020E6100000B1D8F4A7D9A752406A4E9A85B7E13840
10821,CHOMEHLA,Jhalawar,Jhalawar,RAJASTHAN,0101000020E610000096B2F4F113E7524018D5D22FE5F03740
10822,CHOMU F AND V,Jaipur,Jaipur,RAJASTHAN,0101000020E6100000BDAEF44D56EE524000C775F8592C3B40
10823,CHOMU GRAIN,Jaipur,Jaipur,RAJASTHAN,0101000020E610000039AFF48D07EE52407717D9C8862B3B40
10824,CHOTTISADRI,Pratapgarh,Chottisadr,RAJASTHAN,0101000020E61000008AAAF4FF24F55240CBE066DE776A3840
10825,CHURU,Churu,Churu Tehsil,RAJASTHAN,0101000020E6100000D2CAF44D86BE52405557C2A01D503C40
10826,DAUSA,Dausa,Dausa Tehsil,RAJASTHAN,0101000020E61000003C98F44DD5145340DFA0DB813DE43A40
10827,DEEDWANA,Nagaur,Didwana Tehsil,RAJASTHAN,0101000020E61000003BDBF44DFBA35240B03141FEDA673B40
10828,DEEG,Bharatpur,Bharatpur Tehsil,RAJASTHAN,0101000020E6100000FA70F44D2B5553400C8A1A8428793B40
10829,DEGANA,Nagaur,Degana Tehsil,RAJASTHAN,0101000020E610000094E4F44DA29352403CA6309A86E43A40
10830,DEI,Bundi,Bundi Tehsil,RAJASTHAN,0101000020E6100000FBFCF4ADB56B524039433260058F3840
10831,DEOLI,Tonk,Tonk Tehsil,RAJASTHAN,0101000020E61000009FBCF4CD92D752407B8C67485EC23940
10832,DHOLPUR,Dholpur,Dholpur,RAJASTHAN,0101000020E61000008AAAF4FF24F55240CBE066DE776A3840
10833,DOONI,Tonk,Tonk Tehsil,RAJASTHAN,0101000020E6100000B7B3F44D13E652405150C41411DF3940
10834,DUNGARPUR,Dungarpur,Dungarpur Tehsil,RAJASTHAN,0101000020E610000067FAF4CDFB6E52404712B5DC20DF3740
10835,FATEHNAGAR,Udaipur,Fatehnagar,RAJASTHAN,0101000020E610000074FDF41FF86B5240A1837B6C04943840
10836,FATEHPUR,Sikar,Fatehpur,RAJASTHAN,0101000020E61000006CCCF44D97BC5240DCB70473C0FF3B40
10837,GAJSINGHPUR,Sri Ganganagar,Ganganagar Tehsil,RAJASTHAN,0101000020E6100000D205F50B2B5C5240A7D53A20E2A83D40
10838,GANGAPUR CITY,Sawai Madhopur,Gangapur Tehsil,RAJASTHAN,0101000020E6100000CD88F4D56F2E534087072C6C887B3A40
10840,GHARSANA,Sri Ganganagar,Gharsana Tehsil,RAJASTHAN,0101000020E61000000214F53BF4445240E4AE828F64063D40
10841,GOLUWALA,Hanumangarh,Pilibanga Tehsil,RAJASTHAN,0101000020E610000009EEF4AD4383524030A4DF863FA13D40
10842,GUDA GODJI,Jhunjhunu,guda godji,RAJASTHAN,0101000020E6100000D0BAF4FF8BD95240827E02D2731F3C40
10843,HANUMANGARH,Hanumangarh,Hanumangarh Tehsil,RAJASTHAN,0101000020E610000005E3F44DCC9652403194E11DA3913D40
10844,HANUMANGARH TOWN,Hanumangarh,Hanumangarh,RAJASTHAN,0101000020E61000003EE5F4FF3B935240686111DA5B903D40
10845,HINDOUN,Karauli,Karauli Tehsil,RAJASTHAN,0101000020E6100000BF7CF4CD184253404610231F77BB3A40
10846,IKLERA,Jhalawar,Iklera,RAJASTHAN,0101000020E61000003B90F4FF8F205340E2FD84B9C24A3840
10847,ITAWA,Kota,Itwa,RAJASTHAN,0101000020E61000008695F4484F1853404BD13F577D893940
10848,JAIPUR F AND V MUHANA,Jaipur,Jaipur,RAJASTHAN,0101000020E610000049ADF44D72F05240687FD5AECAD93A40
10849,JAIPUR GRAIN,Jaipur,Jaipur,RAJASTHAN,0101000020E610000034AEF40D2CEF5240DBBDB5E429353B40
10850,JAISALMER,Jaisalmer,Jaisalmer Tehsil,RAJASTHAN,0101000020E61000009C6BF54D48B251402A18C7AE96083B40
10851,JAITARAN,Pali,Jaitaran Tehsil,RAJASTHAN,0101000020E610000009F3F44D147C5240F30C0A0735333A40
10852,JAITSAR,Sri Ganganagar,Shergarh Tehsil,RAJASTHAN,0101000020E6100000B234F5B7180E52407AE12856B9973A40
10853,JALORE,Jalore,Jalor Tehsil,RAJASTHAN,0101000020E61000005B31F54DD713524013EB8E1E2E323940
10854,JHALRAPATAN,Jhalawar,Jhalrapatan,RAJASTHAN,0101000020E6100000A18FF4FF9D21534099A00FD80A4C3840
10855,JHUNJHUNU,Jhunjhunu,Jhunjhunun Tehsil,RAJASTHAN,0101000020E6100000DABBF44DD6D752401E87A28941213C40
10856,JODHPUR F AND V,Jodhpur,Jodhpur Tehsil,RAJASTHAN,0101000020E6100000E51475AB8E425240AF9C8179134B3A40
10857,JODHPUR GRAIN,Jodhpur,Jodhpur Tehsil,RAJASTHAN,0101000020E61000005016F5FF7040524032AEF2E378463A40
10858,KAMAN,Bharatpur,Bharatpur Tehsil,RAJASTHAN,0101000020E610000038EB07B9B85F53408068BB8DF2363B40
10859,KAPASAN,Chittorgarh,Kapasan Tehsil,RAJASTHAN,0101000020E6100000BCE4F44DEE9252405B79BC96C4E13840
10860,KEKRI,Ajmer,Kekri Tehsil,RAJASTHAN,0101000020E6100000D8C3F45D88CA524028E4F0A788FF3940
10861,KESHORAIPATAN,Bundi,Bundi Tehsil,RAJASTHAN,0101000020E6100000D2AFF42DD2EC52401787A86D1F673940
10862,KESRISINGHPUR,Sri Ganganagar,Ganganagar Tehsil,RAJASTHAN,0101000020E610000083FE7410AA675240C48B039780F23D40
10863,KHAIRTHAL,Alwar,Mandawar Tehsil,RAJASTHAN,0101000020E6100000F38AF44D0C2953402A622C70C7CB3B40
10864,KHAJUWALA,Bikaner,Bikaner Tehsil,RAJASTHAN,0101000020E61000007526F5A0AE25524098EF95F4B8B33C40
10865,KHANPUR,Jhalawar,Khanpur,RAJASTHAN,0101000020E610000010FFF45FF86752409430BC076E543740
10866,KHERLI,Alwar,Lachhmangarh Tehsil,RAJASTHAN,0101000020E6100000557CF40D7E4253406787F12A82333B40
10867,KISHANGARH RENWAL,Jaipur,Jaipur,RAJASTHAN,0101000020E610000066BDF48D3ED5524084B8BB4CC8FB3A40
10868,KOTA,Kota,Kota Tahsil,RAJASTHAN,0101000020E61000007DA9F436A1F652406D06555A392B3940
10869,KOTA F AND V,Kota,Kota Tahsil,RAJASTHAN,0101000020E6100000B2A9748EC9F652402CB549DA272B3940
10870,KOTPUTLI,Jaipur,Jaipur,RAJASTHAN,0101000020E6100000F09BF4B50C0C5340B6642C5019B33B40
10871,KUCHAMANCITY,Nagaur,Nawa Tehsil,RAJASTHAN,0101000020E610000055D0F44D9DB65240B9993BD742273B40
10872,LALSOT,Dausa,Dausa Tehsil,RAJASTHAN,0101000020E61000004097F44DD51453403DA67D0FC68E3A40
10873,LOONKARANSAR,Bikaner,Bikaner Tehsil,RAJASTHAN,0101000020E610000059FAF4331D6F5240AF8EC9B6647C3C40
10874,M. KISHANGARH,Ajmer,Kishangarh Bas Tehsil,RAJASTHAN,0101000020E6100000FDCFF4ADF1B6524088FC12D546963A40
10875,MAHUWA MANDAWAR,Dausa,Dausa Tehsil,RAJASTHAN,0101000020E6100000720308798B365340C4ABADD7E1273B40
10876,MAHUWA RJ,Dausa,Dausa Tehsil,RAJASTHAN,0101000020E61000006F81F44DFA3A5340CAA641E6920C3B40
10877,MALPURA,Aravalli,Tonk Tehsil,RAJASTHAN,0101000020E61000005ABBF44DB7D85240805CE960A6483A40
10878,MANDALGARH,Bhilwara,Mandalgarh Tehsil,RAJASTHAN,0101000020E6100000CFC6F40DDDC55240F5DD0397EB2A3940
10879,MANDAWARI,Dausa,Dausa Tehsil,RAJASTHAN,0101000020E6100000A093F44D291B5340265807EEC87B3A40
10880,MERTA CITY,Nagaur,Merta Tehsil,RAJASTHAN,0101000020E610000094EEF44D9582524087B7B29E76A53A40
10881,NADBAI,Bharatpur,Bharatpur Tahsil,RAJASTHAN,0101000020E610000040065CF1D5435340E7E33976B2273B40
10882,NAGAR,Bharatpur,Bharatpur Tehsil,RAJASTHAN,0101000020E6100000A76CF44DBA5C534041E4513425433B40
10883,NAGOUR,Nagaur,Nagaur,RAJASTHAN,0101000020E610000089FAF4FFB96F5240A9763FCAED303B40
10884,NAWALGARH,Jhunjhunu,Nawalgarh Tehsil,RAJASTHAN,0101000020E610000093BFF44D55D15240B1197295AFD93B40
10885,NEEM KA THANA,Sikar,Sikar Tehsil,RAJASTHAN,0101000020E61000006FABF44D42F352406C915580B2BA3B40
10886,NIMBAHERA,Chittorgarh,Nimbahera,RAJASTHAN,0101000020E6100000F1D6F4EB82AB52408CAF77BA4A9F3840
10887,NIWAI,Tonk,Tonk Tehsil,RAJASTHAN,0101000020E61000007DA6F4CD41FB5240E8631575E65B3A40
10888,NOHAR,Hanumangarh,Nohar Tehsil,RAJASTHAN,0101000020E61000007CD3F48D35B1524016A3B4F8DE313D40
10889,NOKHA,Bikaner,Bikaner Tehsil,RAJASTHAN,0101000020E6100000FD04F5DBC25D52401A50E61BDC913B40
10890,PADAMPUR,Bargarh,Padampur Tehsil,RAJASTHAN,0101000020E610000016FFF45BDE675240A8F61965CFB53D40
10891,PALI,Pali,Pali Tehsil,RAJASTHAN,0101000020E6100000BC09F54D1C5652409229400C9DC63940
10892,PALSANA,Sikar,Sikar Tehsil,RAJASTHAN,0101000020E610000062BCF48DE1D75240EA942AFC3D7B3B40
10893,PHALODI,Jodhpur,Phalodi Tehsil,RAJASTHAN,0101000020E6100000CC2EF5FDF5175240E367BC9A101D3B40
10894,PILIBANGA,Hanumangarh,Pilibanga Tehsil,RAJASTHAN,0101000020E6100000E1ECF44DB184524041D6B1D92B7E3D40
10895,PIPARCITY,Jodhpur,Pipar City Tehsil,RAJASTHAN,0101000020E61000005A02F545096252404E36149DF75F3A40
10896,PRATAPGARH RJ,Pratapgarh,pratapgarh,RAJASTHAN,0101000020E61000002BCDF33F8F67544080EEBBDA7AAB3940
10897,RAISINGHNAGAR,Sri Ganganagar,Raisinghnagar Tehsil,RAJASTHAN,0101000020E6100000C105F5FEA05C5240ED97496A39893D40
10898,RAJDHANI MANDI KUKARKHERA,Jaipur,Jaipur,RAJASTHAN,0101000020E610000043B4F44D8CE552404AC2411853E03A40
10899,RAJSAMAND,Rajsamand,Rajsamand,RAJASTHAN,0101000020E61000001BF4F48FD5785240AC23165FE80E3940
10900,RAMGANJ MANDI,Kota,Ramganj Mandi Tehsil,RAJASTHAN,0101000020E6100000E3A6F4E537FC5240FEC8391FFDA33840
10901,RANI,Pali,Desuri Tehsil,RAJASTHAN,0101000020E6100000640BF54DA6535240C129EE42A2583940
10902,RANIWARA,Jalore,Jalor Tehsil,RAJASTHAN,0101000020E6100000BE36F56D560B524096231C1D00CC3840
10903,RATANGARH,Churu,Ratangarh,RAJASTHAN,0101000020E61000003BE6F47FDC905240F7E210B697483A40
10904,RAWATSAR,Hanumangarh,Rawatsar Tehsil,RAJASTHAN,0101000020E610000010E1F44DC9995240B7481951CA413D40
10905,RAWLA,Sri Ganganagar,Gharsana Tehsil,RAJASTHAN,0101000020E6100000FB9B084925375240039A7CE31ED73C40
10906,RIDMALSAR,Sri Ganganagar,Ganganagar Tehsil,RAJASTHAN,0101000020E6100000FB9B084925375240039A7CE31ED73C40
10907,SADULPUR,Churu,Rajgarh Tehsil,RAJASTHAN,0101000020E61000000EBCF44D7CD7524035B74168DE8B3C40
10908,SADULSHAHAR,Sri Ganganagar,Sadulshahar Tehsil,RAJASTHAN,0101000020E610000067E9F49D1E8B5240BC1CAEBC1FE73D40
10909,SANCHORE,Jalore,Jalor Tehsil,RAJASTHAN,0101000020E61000000446F5CDA6F151404AAE297B20C83840
10910,SANGARIYA,Hanumangarh,Hanumangarh Tehsil,RAJASTHAN,0101000020E610000018DEF44D699F5240ABD21E7981C93D40
10911,SARDAR SHAHAR,Churu,Sardarshahar Tehsil,RAJASTHAN,0101000020E6100000B4DEF44D7A9D5240A0BB0F7AEA713C40
10912,SAWAI MADHOPUR,Sawai Madhopur,Sawai Madhopur Tehsil,RAJASTHAN,0101000020E6100000FB94F44D3A1953403EB5A8A7FA053A40
10913,SHAHPURA,Bhilwara,Shahpura Tehsil,RAJASTHAN,0101000020E610000068A5F44DEDFC52404459BB01E0603B40
10914,SIKAR,Sikar,Sikar Tehsil,RAJASTHAN,0101000020E6100000EAC4F4CDA1C85240B23941A4559B3B40
10915,SOJAT ROAD,Pali,Sojat Tehsil,RAJASTHAN,0101000020E6100000F6F9F44DD4705240D5AADD7671DB3940
10916,SRI DUNGARGARH,Bikaner,Sri Dungargarh,RAJASTHAN,0101000020E61000003EF0F4FF6C805240A535972E26163C40
10917,SRI GANGANAGAR GRAIN,Sri Ganganagar,Ganganagar Tehsil,RAJASTHAN,0101000020E610000026F7F44DC0755240F6AD867025D83D40
10918,SRI MADHOPUR,Sikar,Sri Madhopur Tehsil,RAJASTHAN,0101000020E610000038B9F40D9BDA5240A153C21E01733B40
10919,SRI VIJAYNAGAR,Sri Ganganagar,Vijayanagar Tehsil,RAJASTHAN,0101000020E6100000F803F59FED5F52407653626CF63E3D40
10920,SRIGANGANAGAR F AND V,Sri Ganganagar,Ganganagar Tehsil,RAJASTHAN,0101000020E610000080F5F48CF7775240BA3994175DED3D40
10921,SRIKARANPUR,Sri Ganganagar,Karanpur Tehsil,RAJASTHAN,0101000020E61000004205F5FB575D524036BDD32632D83D40
10922,SUJANGARH,Churu,Sujangarh Tehsil,RAJASTHAN,0101000020E610000009DEF44BD59E524079F40DF03CB53B40
10923,SUMERGANJ,Bundi,Bundi Tehsil,RAJASTHAN,0101000020E6100000609AF4ADA80E53400AF168703EB53940
10924,SUMERPUR,Pali,Sumerpur Tehsil,RAJASTHAN,0101000020E61000005514F54D01445240AA4B4621752A3940
10925,SURAJGARH,Jhunjhunu,Surajgarh Tehsil,RAJASTHAN,0101000020E6100000D6ADF48DBBEE52400E22A4035B4F3C40
10926,SURATGARH,Sri Ganganagar,Suratgarh Tehsil,RAJASTHAN,0101000020E6100000D0F3F47BE87952404C414314524F3D40
10927,TONK,Tonk,Tonk Tehsil,RAJASTHAN,0101000020E610000062ABF44DE8F252401909C774D9273A40
10928,UDAIPUR F AND V,Udaipur,Girwa Tehsil,RAJASTHAN,0101000020E610000004FDF48D996B5240CB2174BD378A3840
10929,UDAIPUR GRAIN,Udaipur,Girwa Tehsil,RAJASTHAN,0101000020E61000001DFCF42D266C5240A133C9FA608D3840
10930,UNIYARA,Tonk,Tonk Tehsil,RAJASTHAN,0101000020E610000070A3F44DAC015340F71638B752EA3940
10931,ALANGUDI,Pudukkottai,Alangudi,TAMIL NADU,0101000020E61000001A32F4DFA7BE5340CBA6ECF33CB82440
10932,AMBASAMUTHIRAM,Tirunelveli,Ambasamudram,TAMIL NADU,0101000020E6100000CC6CF47F975C53406DB9D92838682140
10933,AMMOOR,Vellore,Ammoor,TAMIL NADU,0101000020E61000009B23F4FF32D753403F66D4FB1DF42940
10934,ANAIMALAI,Coimbatore,Pollachi,TAMIL NADU,0101000020E6100000F87F1B36F93B5340C1175D4A352D2540
10935,ANNUR,Coimbatore,Avanashi,TAMIL NADU,0101000020E6100000783AFE3B0A4653403D509E81CB732640
10936,ANTHIYUR,Erode,Bhavani,TAMIL NADU,0101000020E61000006597A0B7B6655340088EC6C155262740
10937,ARANI,Tiruvannamalai,Arani,TAMIL NADU,0101000020E61000001C26F41BD0D25340CFEF064A37532940
10938,ARANTHANGI,Pudukkottai,Aranthangi,TAMIL NADU,0101000020E61000003831F4FFD1BF53401E79AC8520552440
10939,ARCOT,Ranipet,Arcot,TAMIL NADU,0101000020E61000000B25F47F79D45340B12AD19DA7D02940
10940,ATTHUR,Salem,Atthur,TAMIL NADU,0101000020E6100000A240F4FF27A653407AB30AA165322740
10941,AVALPOONDURAI,Erode,Avalpoondurai,TAMIL NADU,0101000020E61000000462F4EF8D6E5340B309FA675AA92640
10942,AVALURPET,Villupuram,Gingee,TAMIL NADU,0101000020E6100000EF27F40FDFCF534050CB5DC93FAD2840
10943,BATLAGUNDU,Dindigul,Batlagundu,TAMIL NADU,0101000020E61000001F61F4FF5D705340D2BA0977F9502440
10944,BODINAYAKANUR,Theni,Bodinayakanur,TAMIL NADU,0101000020E61000002D70F4DF6A5653407A45CA1022042440
10945,BOOTHAPADI,Erode,Boothapadi,TAMIL NADU,0101000020E6100000C461F43F7A6E53409E4C3B3479AA2640
10946,BUDALUR,Thanjavur,Budalur,TAMIL NADU,0101000020E6100000A431F4DDC7BE53403585203976902540
10947,CHETPET,Tiruvannamalai,Vandavasi,TAMIL NADU,0101000020E6100000F623F467DAD65340FAC8A1F43EEE2840
10948,CHEYYAR,Tiruvannamalai,Cheyyar,TAMIL NADU,0101000020E61000002E1DF447F0E053406B9643BD40472940
10949,CHINNAMANUR,Theni,Chinnamanur,TAMIL NADU,0101000020E61000006C6FF49F7B585340E5227D68F1AE2340
10950,CHINNASALEM,Kallakurichi,Chinnasalem,TAMIL NADU,0101000020E61000007532F43FC1BD53408268E91E0B7B2740
10951,CUDDALORE OT,Cuddalore,Cuddalore,TAMIL NADU,0101000020E6100000CF13F4BFFEF0534045CE98A59D822740
10952,CUMBUM,Theni,Uthamapalayam,TAMIL NADU,0101000020E6100000E1327ED985525340F37648A19A7C2340
10953,DESUR,Tiruvannamalai,Desur,TAMIL NADU,0101000020E6100000B02EF48FB5C45340A9BD3E6726782840
10954,DEVAKOTTAI,Sivagangai,Devakottai,TAMIL NADU,0101000020E6100000B237F4FFEBB45340B32C05A2EEE32340
10955,DINDIGUL,Dindigul,Dindigul,TAMIL NADU,0101000020E6100000E4C87DB2D27C534006A05575D6B42440
10956,EDAPPADI,Salem,Edappadi,TAMIL NADU,0101000020E61000003B5EF47F3375534061A99900C1282740
10957,ELUMATHUR,Erode,Elumathur,TAMIL NADU,0101000020E6100000F35FF47F557153404C9E0100B0602640
10958,ERODE,Erode,Erode,TAMIL NADU,0101000020E61000009CD256ED096E5340741DD10640AF2640
10959,GANGAVALLI,Salem,Gangavalli,TAMIL NADU,0101000020E6100000BC3EF4B73FA95340510E9C7CC3FF2640
10960,GINGEE,Villupuram,Gingee,TAMIL NADU,0101000020E61000005918F4F539E95340FCD7F8B5587D2840
10961,GOBICHETTIPALAYAM,Erode,Erode,TAMIL NADU,0101000020E61000001AA525E0B05B53407562168C04E92640
10962,GOPAL PATTI,Dindigul,Gopal patti,TAMIL NADU,0101000020E61000001152F4EB858953400A29023AF77B2440
10963,GUDIYATHAM,Vellore,Gudiyatham,TAMIL NADU,0101000020E61000009C35F41F32B85340887D353F1AE62940
10964,HARUR,Dharmapuri,Harur,TAMIL NADU,0101000020E6100000DAB456F2979E53408490CA517B1F2840
10965,JEYANKONDAM,Perambalur,Jayankondam,TAMIL NADU,0101000020E61000004823F47F1CD75340F757C24BE56B2640
10966,KADAYANALLUR,Tenkasi,Kadayanallur,TAMIL NADU,0101000020E6100000DD6AF43F025F53403784E41712FD2140
10967,KALAVAI,Vellore,Kalavai,TAMIL NADU,0101000020E6100000AA2CF47FFEC75340345E6360F4D02940
10968,KALLAKURICHI,Villupuram,Kallakkurichi,TAMIL NADU,0101000020E61000001533F46A00BD5340DE01262D797A2740
10969,KAMUTHI,Ramanathapuram,Aruppukkottai,TAMIL NADU,0101000020E61000006139F85C017D5340240011DF65302340
10970,KANCHEEPURAM,Kancheepuram,Kancheepuram,TAMIL NADU,0101000020E61000000D4E657657ED534056E15F0873A72940
10971,KANGEYAM,Tiruppur,Kangeyam,TAMIL NADU,0101000020E6100000B468F4FF886353408C9B62D6F3002640
10972,KARIKUDI,Sivagangai,Karaikudi,TAMIL NADU,0101000020E61000006F39F4DFD2B153405B79C02005252440
10973,KATTUMANNARKOIL,Cuddalore,Kattumannarkoil,TAMIL NADU,0101000020E6100000A21BF4FFF9E253406BA27D02B08D2640
10974,KILPENNATHUR,Tiruvannamalai,Tiruvannamalai,TAMIL NADU,0101000020E6100000F228F44EDECD53400AFF0AF3367F2840
10975,KODUMUDI,Erode,Kodumudi,TAMIL NADU,0101000020E6100000725BF43FAC785340809C6A417A262640
10976,KONGANAPURAM,Salem,Konganapuram,TAMIL NADU,0101000020E61000005251F4BF298A5340DD863CA7AA4F2740
10977,KUDAVASAL,Tiruvarur,Kudavasal,TAMIL NADU,0101000020E61000003219F43FA5E853405BAC9511C6872540
10978,KULASEKHARAM,Kanyakumari,Kalkulam,TAMIL NADU,0101000020E61000005A72F4BDBD525340DB3566EBF5B52040
10979,KUMBAKONAM,Thanjavur,Kumbakonam,TAMIL NADU,0101000020E61000007322F4FFC7D85340AB53DCCBA6E42540
10980,KURUNJIPADY,Cuddalore,Kurunjipady,TAMIL NADU,0101000020E6100000F714F48FD4F0534029CC455D48832740
10981,KUTHALAM,Nagapattinam,Kuthalam,TAMIL NADU,0101000020E610000027DCFD3C20E35340EEF81D5706222640
10982,LALGUDI,Tiruchirapalli,Lalgudi,TAMIL NADU,0101000020E6100000E737F4AFA5B45340DE824F4397BC2540
10983,MADATHUKULAM,Tiruppur,Madathukulam,TAMIL NADU,0101000020E61000003070F4FFE0565340AF6BA70FB51D2540
10984,MADURAI,Madurai,Madurai North,TAMIL NADU,0101000020E6100000DE8A05BCF58753401F49A4A0D0D72340
10985,MADURANATHANGAM,Kancheepuram,Maduranthakam,TAMIL NADU,0101000020E6100000D7DF2EDE28F85340427AFCDBE0012940
10986,MANALURPET,Kallakurichi,Manalurpet,TAMIL NADU,0101000020E61000000733F4FFA7BC5340A0EBA9C4027A2740
10987,MANAMADURAI,Sivagangai,Manamadurai,TAMIL NADU,0101000020E61000008046F4FF309D5340CC793A2F10642340
10988,MANNARKUDI,Thiruvarur,Mannarkudi,TAMIL NADU,0101000020E61000006820F4BF40DC53401766401B08562540
10989,MAYILADUTHURAI,Nagapattinam,Mayiladuthurai,TAMIL NADU,0101000020E6100000D788D69D9AE8534030560AAF542E2640
10990,MECHERI,Salem,Mecheri,TAMIL NADU,0101000020E61000001052F4FFF9885340C91623946F482740
10991,MELUR,Madurai,Melur,TAMIL NADU,0101000020E6100000E149F4FFFB955340CB6319E449112440
10992,MOOLANUR,Tiruppur,Moolanur,TAMIL NADU,0101000020E61000002763F47F776D5340A546F5C69F962540
10993,MUDHUKALATHUR,Ramanathapuram,Mudukulathur,TAMIL NADU,0101000020E610000035055E9612A15340CCFC5B1B90B52240
10994,NAMAGIRIPETTAI,Namakkal,Namagiripettai,TAMIL NADU,0101000020E6100000BD50F42FB98A534084C447C729702640
10995,NATHAM,Dindigul,Dindigul,TAMIL NADU,0101000020E6100000832EB948068F5340E9DF489F14722440
10996,NEGAMAM,Coimbatore,Pollachi,TAMIL NADU,0101000020E6100000A85DB9A9A93F5340DD71B94AE8FE2540
10997,ODDANCHATRAM,Dindigul,Dindigul,TAMIL NADU,0101000020E6100000FCD056BAFE6F5340E4F506B9F7F92440
10998,ORATHANADU,Thanjavur,Orathanadu,TAMIL NADU,0101000020E61000007B27F4FFFDCF534055CBC78AA5412540
10999,PALANI,Dindigul,Dindigul,TAMIL NADU,0101000020E610000010A2A55ADE605340DF809F5F03E72440
11000,PANRUTI,Cuddalore,Panruti,TAMIL NADU,0101000020E61000006A8C8ECAE8E253409F6CC70F608C2740
11001,PAPANASAM,Thanjavur,Papanasam,TAMIL NADU,0101000020E61000009E71F41F00545340C26AA66F287B2140
11002,PARAMAKUDI,Ramanathapuram,Paramakudi,TAMIL NADU,0101000020E61000006AB056037FA65340BC49C12CDD112340
11003,PARAMATHI VELUR,Namakkal,Paramathi-Velur,TAMIL NADU,0101000020E6100000B437F1EB2A805340C8B0243385392640
11004,PATTUKKOTTAI,Thanjavur,Pattukkottai,TAMIL NADU,0101000020E61000007825F4FF81D35340BF5E68DF2FD72440
11005,PAVOORCHATRAM,Tenkasi,Pavoorchatram,TAMIL NADU,0101000020E6100000166CF47FB35E5340E1491259CD302240
11006,PERUNDURAI,Erode,Perundurai,TAMIL NADU,0101000020E61000004E28A5091D64534066345EB507952640
11007,PETHAPPAMPATTI,Tiruppur,Pethappampatti,TAMIL NADU,0101000020E6100000CF75F4AFFD4D5340DCC9BEDA135C2540
11008,POCHAMPALLI,Dharmapuri,Pochampalli,TAMIL NADU,0101000020E6100000D349F4BFB2975340681276EA83B12840
11009,POLLACHI,Coimbatore,Pollachi,TAMIL NADU,0101000020E610000040AE076F643F5340926E6017CA4D2540
11010,POLUR,Tiruvannamalai,Polur,TAMIL NADU,0101000020E61000008E2BF4AF82C8534033F78B84A9092940
11011,PONGALUR,Tiruppur,Pongalur,TAMIL NADU,0101000020E6100000D349F4BFB2975340681276EA83B12840
11012,PUNJAI PULIAMPADDI,Erode,Erode,TAMIL NADU,0101000020E61000003B63F4B3D76F5340E4317EEAEBBA2640
11013,RAJAPALAYAM,Virudhunagar,Rajapalayam,TAMIL NADU,0101000020E61000009368F4FE6B635340219A80BD64E72240
11014,RAJASINGAMANGALAM,Ramanathapuram,Ramanathapuram,TAMIL NADU,0101000020E610000005A7F209DCB55340873D4CBE02462340
11015,RAMANATHAPURAM,Ramanathapuram,Ramanathapuram,TAMIL NADU,0101000020E61000004537F411BBB55340642C0F5907BA2240
11016,REDHILLS,Kancheepuram,Kandachipuram,TAMIL NADU,0101000020E61000005218F4BFF6E953402AECDA6B10BB2940
11017,SALEM,Salem,Salem,TAMIL NADU,0101000020E61000006C51F4BFFC8953408B5E2B134A4E2740
11018,SANKARANKOVIL,Tenkasi,Sankarankoil,TAMIL NADU,0101000020E6100000AE71F4719F5353406721C30584E92140
11019,SANKARAPURAM,Villupuram,Sankarapuram,TAMIL NADU,0101000020E61000008334F4BBC0BA534015115F98E3C32740
11020,SATHYAMANGALAM,Erode,Sathyamangalam,TAMIL NADU,0101000020E6100000E7347E91C24E5340A739B904E7FA2640
11021,SEMBANARKOIL,Nagapattinam,Tharangambadi,TAMIL NADU,0101000020E61000003F647A89ABEF5340BACA83A0413C2640
11022,SETHIATHOPE,Cuddalore,Kurinjipadi,TAMIL NADU,0101000020E6100000D51CF493B1E253404A9C1029D4DF2640
11023,SINGAMPUNERI,Sivagangai,Tirupathur,TAMIL NADU,0101000020E6100000FC4684CDF29B5340068294B0EB5C2440
11024,SIRKALI,Nagapattinam,Sirkali,TAMIL NADU,0101000020E610000076043E3353EF5340D81B72CCAC772640
11025,SIVAGANGAI,Sivagangai,Sivaganga,TAMIL NADU,0101000020E61000001645F4131B9F534033FD9AAAC9B22340
11026,SIVAGIRI,Erode,Sivagiri,TAMIL NADU,0101000020E61000009F44B438189F53405844CCB132B42340
11027,SRIMUSHNAM,Cuddalore,Srimushnam,TAMIL NADU,0101000020E6100000FE21F4E1C6D953400A8C7004F2CD2640
11028,SRIVAIKUNDAM,Thoothukudi,Thoothukkudi,TAMIL NADU,0101000020E6100000255B74D6577A534072F0B2C1CA432140
11029,T VADIPATTI,Madurai,Vadipatti,TAMIL NADU,0101000020E6100000A158F46BD57D53400C1E1823D42A2440
11030,TENKASI,Tenkasi,Tenkasi,TAMIL NADU,0101000020E6100000927174F136535340905B09D2E8F32140
11031,THANJAVUR,Thanjavur,Thanjavur,TAMIL NADU,0101000020E6100000EB2BF47FDFC85340B1A8B824B2982540
11032,THENI,Theni,Theni,TAMIL NADU,0101000020E6100000766BF473BF5E5340C8A586C5EF052440
11033,THIRUKOVILUR,Villupuram,Viluppuram,TAMIL NADU,0101000020E610000051286C6DCFCD5340405EBFBBEEF32740
11034,THIRUPATHUR,Vellore,Tirupathur,TAMIL NADU,0101000020E6100000343AF41B89B05340010D492960F72540
11035,THIRUPOONDI,Nagapattinam,Nagapattinam,TAMIL NADU,0101000020E61000007112F471DEF55340E8A571373A862540
11036,THIRUPPUR,Tiruppur,Tiruppur South,TAMIL NADU,0101000020E61000007370746259565340517DE832E7302640
11037,THIRUVADANAI,Ramanathapuram,Ramanathapuram,TAMIL NADU,0101000020E61000005E38F40B3AB5534006994EBEA8BB2240
11038,THIYAGADURGAM,Villupuram,Kallakkurichi,TAMIL NADU,0101000020E6100000C42EF485A1C453404EB728E85D7D2740
11039,THUVARANKURICHY,Tiruchirapalli,Tiruchirappalli,TAMIL NADU,0101000020E61000005E3CDC60ABAC5340CB3005D9A5A12540
11040,TINDIVANAM,Villupuram,Tindivanam,TAMIL NADU,0101000020E61000009218F4677CE95340D0408AC149792840
11041,TIRUNELVELI,Tirunelveli,Udumalaipettai,TAMIL NADU,0101000020E61000005C74F475DB4F5340227114ADD32B2540
11042,TIRUVARUR,Thiruvarur,Thiruvallur,TAMIL NADU,0101000020E6100000C318F4B2AAE85340D93AC9240B882540
11043,UDUMALPET,Tiruppur,Udumalaipettai,TAMIL NADU,0101000020E61000005C74F475DB4F5340227114ADD32B2540
11044,ULUNDURPETTAI,Villupuram,Ulundurpettai,TAMIL NADU,0101000020E61000001426F40FAFD2534085E4DE090F612740
11045,USILAMPATTI,Madurai,Usilampatti,TAMIL NADU,0101000020E6100000BECF56B44D725340B848C66E1FEE2340
11046,VALANGAIMAN,Tiruvarur,Valangaiman,TAMIL NADU,0101000020E61000005F22D49425D953406F8A19CFD8C72540
11047,VALLIOOR,Tirunelveli,Radhapuram,TAMIL NADU,0101000020E61000006264F4D3DA6A53409562C1F1C5F42040
11048,VANDAVASI,Tiruvannamalai,Cheyyar,TAMIL NADU,0101000020E6100000BB1974F138E753409F7D401D3C022940
11049,VANIYAMBADI,Vellore,Vaniyambadi,TAMIL NADU,0101000020E61000007940F4CBF1A65340F278A80681502940
11050,VAZHAPPADI,Salem,Vazhapadi,TAMIL NADU,0101000020E6100000A148F4778F99534006A3E2CD33512740
11051,VELLAKOIL,Tiruppur,Kangeyam,TAMIL NADU,0101000020E61000006D62F4524A6D53406B5D1827CEE52540
11052,VELLORE,Vellore,Vellore,TAMIL NADU,0101000020E6100000572CF4EC63C85340C167565ACCCB2940
11053,VETTAVALAM,Tiruvannamalai,Cheyyar,TAMIL NADU,0101000020E6100000D727F47D53CF53408321555C073A2840
11054,VIKIRAVANDI,Villupuram,Viluppuram,TAMIL NADU,0101000020E6100000891C7465C9E2534043A99DEC00172840
11055,VILLUPURAM,Villupuram,Viluppuram,TAMIL NADU,0101000020E6100000451EF48F40DF5340725AC19AC4E12740
11056,VIRUDHACHALAM,Cuddalore,Virudhachalam,TAMIL NADU,0101000020E6100000DBE3C10DD4D65340FA229387A00B2740
11057,VIRUDHUNAGAR,Virudhunagar,Virudhunagar,TAMIL NADU,0101000020E6100000A55974780D7D534072C4A239DC2B2340
11058,ACHAMPET,Nagarkurnool,Achampet mandal,TELANGANA,0101000020E61000000E3FF448A0A853401F2F9DAB4E673040
11059,ADILABAD,Adilabad,Adilabad Rural Mandal,TELANGANA,0101000020E61000004843F44DA2A153401882928697AD3340
11060,ATMAKUR,Warangal Rural,Athmakur (M) mandal,TELANGANA,0101000020E61000007740F44D8EA653407020EBC72BC12F40
11061,BADEPALLY,Mahbubnagar,Jadcherla mandal,TELANGANA,0101000020E61000001F51AC2198895340B043231576C13040
11062,BHAINSA,Nirmal,Bhainsa mandal,TELANGANA,0101000020E61000001159F40E7E7D53403F6F0965A21B3340
11063,BOWENPALLY,Secundrabad,Secunderabad mandal,TELANGANA,0101000020E6100000044574E0AF9F53401B2F391130783140
11064,CHOPPADANDI,Karimnagar,Choppadandi mandal,TELANGANA,0101000020E6100000E92AF48DA2CA53405BD6CB5E72933240
11065,DEVARAKADRA,Mahbubnagar,Devarakonda mandal,TELANGANA,0101000020E61000002B5DF4CD4D76534038DAFEA011983040
11066,DEVARAKONDA,Nalgonda,Devarakonda mandal,TELANGANA,0101000020E610000033347467EFBA53404311527B2CB13040
11067,ECHODA,Adilabad,Ichoda mandal,TELANGANA,0101000020E6100000FC41F45B2AA25340CFDE66B49DAC3340
11068,ENKOOR,Khammam,Enkoor mandal,TELANGANA,0101000020E6100000CFFAF3552E1C5440B78836721C543140
11069,GADDIANNARAM,Rangareddy (Rajendranagar),Saroornagar mandal,TELANGANA,0101000020E6100000174374A254A2534025AD25556F5E3140
11070,GADWAL,Jogulamba Gadwal,Gadwal mandal,TELANGANA,0101000020E610000092A83C0BD87253406FD463201F3C3040
11071,GAJWEL,Siddipet,Gajwel mandal,TELANGANA,0101000020E6100000853DF44186AB5340A32A181F47D83140
11072,GANGADHARA,Karimnagar,Gangadhara mandal,TELANGANA,0101000020E6100000BB30AC94A2C05340F6441B12CB963240
11073,GOLLAPALLY,Jagtial,Gollapalli mandal,TELANGANA,0101000020E61000006D2FF43DAEC35340A39D14FC56CA3240
11074,GUDIMALKAPUR,Hyderabad,Nalgonda mandal,TELANGANA,0101000020E6100000E846741ED09B5340329DB2D052623140
11075,HUSNABAD,Siddipet,Husnabad mandal,TELANGANA,0101000020E61000002E22F44D5BD95340F75C5290AF333240
11076,HYDERABAD,Hyderabad,Hyderabad,TELANGANA,0101000020E61000009B42F41713A35340BC7800A6105B3140
11077,JAGTIAL,Jagtial,Jagtial mandal,TELANGANA,0101000020E610000004345434BCB9534057CC9A3E24CC3240
11078,JAMMIKUNTA,Karimnagar,Jammikunta mandal,TELANGANA,0101000020E6100000061FF44D74DE534023719D43314A3240
11079,JANGAON,Jangaon,Jangoan mandal,TELANGANA,0101000020E6100000C52BD433F0C953402B8D8EAF84B93140
11080,JOGIPET,Sanga Reddy,Sangareddy mandal,TELANGANA,0101000020E61000001F530059C6845340484B8C02D1D43140
11081,KALWAKURTHY,Nagarkurnool,Kalwakurthy mandal,TELANGANA,0101000020E61000009544F437AB9F5340AAC973768CAB3040
11082,KAMAREDDY,Kamareddy,Kamareddy mandal,TELANGANA,0101000020E6100000AF4AF4CDC49553400C51917C79513240
11083,KARIMNAGAR,Karimnagar,Karimnagar mandal,TELANGANA,0101000020E6100000A12BF44DD5C85340617FCFC1AE6D3240
11084,KESAMUDRAM,Mahabubabad,Kesamudram mandal,TELANGANA,0101000020E6100000550FF4CD61F85340C97163B44CAF3140
11085,KHAMMAM,Khammam,Khammam_Urban mandal,TELANGANA,0101000020E61000007F04F4CD9B09544011FEF0F3113F3140
11086,MADNOOR,Kamareddy,Madnur mandal,TELANGANA,0101000020E61000006165F4EDFF67534096E1DCE4A8803240
11087,MAHABUBABAD,Mahabubabad,Mahabubabad mandal,TELANGANA,0101000020E6100000540BF44D070054402615F85CD6983140
11088,MAHBUBNAGAR,Mahbubnagar,Mahabubnagar_Urban mandal,TELANGANA,0101000020E6100000F157F4CD717F534082C7DF7577BE3040
11089,MAKTHAL,Narayanpet,Makthal mandal,TELANGANA,0101000020E61000004F6AF4E17C60534011767EB0CB813040
11090,METPALLY,Jagtial,Metpalli mandal,TELANGANA,0101000020E61000008E3EC0FE78A85340F789A4DF31D93240
11091,MIRYALAGUDA,Nalgonda,Miryalaguda mandal,TELANGANA,0101000020E61000007C1BF4DBFEE353402D2A382FA8DE3040
11092,NAGARKURNOOL,Nagarkurnool,Nagar_Kurnool mandal,TELANGANA,0101000020E6100000844B346927945340716AB5E3797C3040
11093,NAKREKAL,Nalgonda,Nakrekal mandal,TELANGANA,0101000020E61000000121F4961FDB53409714FA62EE2B3140
11094,NALGONDA,Nalgonda,Nalgonda mandal,TELANGANA,0101000020E6100000FF2674B134D15340EEF96700620D3140
11095,NARAYANPET,Narayanpet,Narayanaraopet,TELANGANA,0101000020E6100000596AF4EDBC5F5340EF9FBF7269BF3040
11096,NARSAMPET,Warangal Rural,Nizampet mandal,TELANGANA,0101000020E61000009E0EF40D4EF95340F1830BE0F1ED3140
11097,NAWABPET,Mahbubnagar,Nawabpet mandal,TELANGANA,0101000020E61000006757D24B617F5340E863B5CD74C13040
11098,NIZAMABAD,Nizamabad,Nizamabad_Rural mandal,TELANGANA,0101000020E6100000F352F44D178753403AF2653BCCAB3240
11099,PARGI,Vikarabad,Pargi mandal,TELANGANA,0101000020E6100000A15CF44D53785340757070BF272B3140
11100,PARKAL,Warangal Rural,Parkal mandal,TELANGANA,0101000020E61000005216F48DE9EC53404B128E7E04333240
11101,PEDDAPALLI,Peddapalli,Peddemul mandal,TELANGANA,0101000020E61000007B22F44DD4D85340BE7D4C4E339E3240
11102,SADASIVPET,Sanga Reddy,Sadasivpet mandal,TELANGANA,0101000020E6100000C859F473CE7C53402EA8C0984D9F3140
11103,SHADNAGAR,Rangareddy (Rajendranagar),Farooqnagar mandal,TELANGANA,0101000020E6100000834FB4ACF28C53401733C3378A0A3140
11104,SHANKARAPALLY,Rangareddy (Rajendranagar),Rajendranagar,TELANGANA,0101000020E61000000F482C1AB599534079E82E7AF6513140
11105,SIDDIPET,Siddipet,Siddipet_Urban mandal,TELANGANA,0101000020E61000000037F4CD76B65340454ABBBA5E193240
11106,SURYAPETA,Suryapet,Suryapet mandal,TELANGANA,0101000020E61000006019F4CDAEE75340FB01B96291233140
11107,TANDUR,Vikarabad,Tandur mandal,TELANGANA,0101000020E61000002D67F48D8F655340BAA4A5D461413140
11108,TIRUMALGIRI,Suryapet,Tirumalgiri mandal,TELANGANA,0101000020E6100000BC43F44D67A05340B2771A1D75793140
11109,VATPALLY,Sanga Reddy,Vatpally mandal,TELANGANA,0101000020E61000007E5BF40D56795340A49E7F6DFADF3140
11110,VIKARABAD,Vikarabad,Vikarabad mandal,TELANGANA,0101000020E6100000165BF44DBB795340710CF0CF29563140
11111,WANAPARTHY ROAD,Wanaparthy,Wanaparthy mandal,TELANGANA,0101000020E61000002455F48DCB8353400C845D55B85C3040
11112,WANAPARTHY TOWN,Wanaparthy,Wanaparthy mandal,TELANGANA,0101000020E61000005055F447F3835340435FE7F9755C3040
11113,WARANGAL,Warangal Urban,Warangal mandal,TELANGANA,0101000020E61000004E1AF44DD6E553401C72C484A5FA3140
11114,ZAHEERABAD,Sanga Reddy,Zahirabad mandal,TELANGANA,0101000020E6100000AA66F48D51675340CCD985C6EDAD3140
11115,KULAI,Dhalai,Ambassa,TRIPURA,0101000020E6100000F045F2EF30F55640689CBC5C0FF23740
11116,MOHANPUR,West Tripura,Mohanpur,TRIPURA,0101000020E6100000BD58F23317DA564004C0E80D3DFD3740
11117,PABIACHERRA,Unakoti,Kumarghat,TRIPURA,0101000020E6100000483BF260850257404338C66738293840
11118,PANISAGAR,Gomati,Panisagar,TRIPURA,0101000020E61000004D3AF277DF095740848938554B463840
11119,SANTIRBAZAR,South Tripura,Bokafa,TRIPURA,0101000020E61000008C59F26913E45640FD1F32AC054F3740
11120,SONAMURA,Sepahijala,Melaghar Urban,TRIPURA,0101000020E61000002259A29BF9D056404AE2065F0E7A3740
11121,TELIAMURA,Khowani,Teliamura,TRIPURA,0101000020E6100000D54FF263ABE856409E56FD8F97D73740
11122,ACHHALDA APMC,Auraiya,Bidhuna,UTTAR PRADESH,0101000020E61000000D6291C00ADA534093269CE64BB73A40
11123,ACHNERA,Agra,Agra,UTTAR PRADESH,0101000020E6100000E160FC2AE06F53407E5093CD232D3B40
11124,AGRA,Agra,Agra,UTTAR PRADESH,0101000020E6100000E32C74AEAD8353400F7C4FCDC8353B40
11125,AJUHA,Kaushambi,Manjhanpur,UTTAR PRADESH,0101000020E61000000CDBF362ED4F54403C987F4D0AB43940
11126,AKBARPUR,Ambedkar Nagar,Akbarpur,UTTAR PRADESH,0101000020E610000098A8C33155A3544008159A8547713A40
11127,ALIGARH,Aligarh,Aligarh,UTTAR PRADESH,0101000020E6100000F353F4CFF18453409A71596056E23B40
11128,AMROHA APMC,Amroha,Amroha,UTTAR PRADESH,0101000020E61000000746F4402C9D5340E0995FF1A8E53C40
11129,ANAND NAGAR APMC,Maharajganj,Maharajganj,UTTAR PRADESH,0101000020E6100000168D2B1B5CD25440A83C649A191A3B40
11130,ATARRA APMC,Banda,Banda,UTTAR PRADESH,0101000020E6100000FFF4F31B41255440CA93EF819B483940
11131,AURAIYA,Auraiya,Auraiya,UTTAR PRADESH,0101000020E61000001E9E0773ABDF534092F5CB2C46793A40
11132,AYODHYA,Ayodhya,Ayodhya,UTTAR PRADESH,0101000020E6100000CDB6F39B0D8D5440FC2D0E7CBACC3A40
11133,AZAMGARH,Azamgarh,Azamgarh,UTTAR PRADESH,0101000020E6100000E210076FD1CB54400882D7C4FD103A40
11134,BADAUN,Badaun,Badaun,UTTAR PRADESH,0101000020E61000009531B451CFBF534020DAF164B1003C40
11135,BAHRAICH,Bahraich,Bahraich,UTTAR PRADESH,0101000020E6100000D28E7D551465544008DF796F7A923B40
11136,BALLIA,Ballia,Ballia,UTTAR PRADESH,0101000020E6100000964CB8F861095540005D53A5AAC13940
11137,BALRAMPUR APMC,Balrampur,Balrampur,UTTAR PRADESH,0101000020E61000009FB6F382CD8B544092A68E1F5E683B40
11138,BANDA,Banda,Banda,UTTAR PRADESH,0101000020E610000086FDF30368165440EF78077B387C3940
11139,BANGARMAU,Unnao,Unnao,UTTAR PRADESH,0101000020E6100000B802F4AFC40D5440ED2E63097EE43A40
11140,BARABANKI,Barabanki,Barabanki,UTTAR PRADESH,0101000020E6100000DFDD7390614C544091915C7568ED3A40
11141,BAREILLY,Bareilly,Bareilly,UTTAR PRADESH,0101000020E61000001D20F49B37DC5340948853E05C643C40
11142,BASTI,Basti,Basti,UTTAR PRADESH,0101000020E610000002A1F3A1E3B05440B3F3CD5E1ECF3A40
11143,BHARTHANA,Etawah,Bharthana,UTTAR PRADESH,0101000020E6100000B428F477F1CD5340D628D0A76FC03A40
11144,BHARUASUMERPUR,Hamirpur,Hamirpur,UTTAR PRADESH,0101000020E61000002C05B439150A54402FD63131AED33940
11145,BILSI,Badaun,Budaun,UTTAR PRADESH,0101000020E6100000CE36A4622EBA5340A765D4BFD3203C40
11146,BINDIKI,Fatehpur,Bindki,UTTAR PRADESH,0101000020E6100000A5F4F36B5A2554409AA8B14E1C083A40
11147,BISALPUR,Pilibhit,Bisalpur,UTTAR PRADESH,0101000020E61000003512F4B97AF353407390A4BF374B3C40
11148,BULANDSHAHAR,Bulandshahr,Bulandshahr,UTTAR PRADESH,0101000020E6100000AD5BF427C4785340AB0FE95349683C40
11149,CHANDAULI,Chandauli,Chandauli,UTTAR PRADESH,0101000020E6100000BB8CF327B4D254403DF813DDC1413940
11150,CHANDAUSI,Moradabad,Chandausi,UTTAR PRADESH,0101000020E6100000513BF4BFC7AF5340BF723661D4D43C40
11151,CHARRA,Aligarh,Atrauli,UTTAR PRADESH,0101000020E6100000FA47F47DB6995340EFE82585F0EC3B40
11152,CHAUBEPUR,Kanpur Nagar,Kanpur,UTTAR PRADESH,0101000020E61000000407D4F41F065440C46F2CF2B6273A40
11153,CHIBRAMAU,Kannauj,Kannauj,UTTAR PRADESH,0101000020E61000003820A485B8DF5340F03B478E82263B40
11154,DADRI UP,Gautam Buddh Nagar,Dadri,UTTAR PRADESH,0101000020E6100000ED68F48DEC625340003553441C8F3C40
11155,DEORIA,Sagar,Deoria,UTTAR PRADESH,0101000020E61000000A7AF3B722F254400B30E4B427793A40
11156,ETAH,Mainpuri,Etah,UTTAR PRADESH,0101000020E6100000543DF4431AAC5340B6F4ABB8AF8D3B40
11157,ETAWAH,Etawah,Etawah,UTTAR PRADESH,0101000020E6100000E42FF4EA5CC2534074F43CE8E6CA3A40
11158,FARRUKHABAD,Farrukhabad,Farrukhabad,UTTAR PRADESH,0101000020E6100000451BF42398E4534063C3F49EEE613B40
11159,FATEHPUR APMC,Fatehpur,Fatehpur,UTTAR PRADESH,0101000020E610000063ECF38D393354405D21EA3820EC3940
11160,FATEHPUR SIKRI,Agra,Fatehpur Tehsil,UTTAR PRADESH,0101000020E61000008F44E944E06A53406F62BBE304183B40
11161,FIROZABAD APMC,Firozabad,Firozabad,UTTAR PRADESH,0101000020E6100000DC4DF40943905340AF49077E703D3B40
11162,GHAZIABAD,Ghaziabad,Ghaziabad,UTTAR PRADESH,0101000020E6100000606CF4315E5C5340BB3D913530A63C40
11163,GHIROR,Mainpuri,Mainpuri,UTTAR PRADESH,0101000020E61000006E39F43FDBB253401710B9CE65313B40
11164,GOLAGOKARNATH,Lakhimpur Kheri,Kheri,UTTAR PRADESH,0101000020E610000002FAF3FF361E54408AF596BA5F163C40
11165,GONDA,Gonda,Gonda,UTTAR PRADESH,0101000020E6100000A0BFF34FC37D5440368D0D3F88253B40
11166,GORAKHPUR,Gorakhpur,Gorakhpur,UTTAR PRADESH,0101000020E6100000E289F38443D754406BB6FEE502BC3A40
11167,HAPUR,Hapur,Hapur,UTTAR PRADESH,0101000020E6100000E25EF4D718745340CF12C7CACCB93C40
11168,HARDOI,Hardoi,Hardoi,UTTAR PRADESH,0101000020E61000000706F4A1D7085440DE26089047633B40
11169,HASANPUR APMC,Amroha,Hasanpur,UTTAR PRADESH,0101000020E61000007A4CF481E7915340C40A50B07EB73C40
11170,HATHRAS,Hathras,Hathras,UTTAR PRADESH,0101000020E6100000B455F48F7E8353406D6DD0F8D4983B40
11171,JAHANGIRABAD,Bulandshahr,Bullandshar,UTTAR PRADESH,0101000020E61000004B549C8ABA86534096056F2170673C40
11172,JAIS,Amethi,Amethi,UTTAR PRADESH,0101000020E6100000C3D0F3BF7E615440458721167F433A40
11173,JALALABAD APMC,Shahjahanpur,Jalalabad,UTTAR PRADESH,0101000020E6100000BE17F47F91E95340EC5BDA52A2B93B40
11174,JALAUN,Jalaun,Jalaun,UTTAR PRADESH,0101000020E61000009424F47726D55340837C3983FE223A40
11175,JANGIPURA,Ghazipur,Ghazipur,UTTAR PRADESH,0101000020E61000002582F3ABC4E35440E0BE1F5E61A63940
11176,JAUNPUR APMC,Jaunpur,Jaunpur,UTTAR PRADESH,0101000020E610000020A4F3694DAC5440C0D5097AB7C13940
11177,JHANSI,Jhansi,Jhansi,UTTAR PRADESH,0101000020E61000006C41F4ED4AA45340E1C25CEA39743940
11178,KAIMGANJ,Farrukhabad,Kaimganj,UTTAR PRADESH,0101000020E6100000B624F423F3D45340027ADD54608F3B40
11179,KANNAUJ,Kannauj,Kannauj,UTTAR PRADESH,0101000020E6100000A20EF4E565FA53402DFC8BA9B4093B40
11180,KANPUR,Kanpur Nagar,Kanpur,UTTAR PRADESH,0101000020E61000004BFEF39F451554405E5F92D870733A40
11181,KARWI APMC,Chitrakoot,Karwi,UTTAR PRADESH,0101000020E610000025E8F3CB123A5440A6903A2646363940
11182,KASGANJ,Kasganj,Kasganj,UTTAR PRADESH,0101000020E6100000DA3DF403A7AA5340CA5A2E7588CC3B40
11183,KHAIR,Aligarh,Khair,UTTAR PRADESH,0101000020E6100000D2DC07ABBE76534022894FFD78F03B40
11184,KHALILABAD,Sant Kabir Nagar,Khalilabad,UTTAR PRADESH,0101000020E61000007298F33F73BF54407156C6250FCC3A40
11185,KHURJA,Bulandshahr,Khurja,UTTAR PRADESH,0101000020E6100000D45CF41FA17653400EF39B1325413C40
11186,KONCH,Jalaun,Konch,UTTAR PRADESH,0101000020E61000002E2BF41B60CA5340108E77147D003A40
11187,KOPAGANJ,Mau,Maunath Bhanjan,UTTAR PRADESH,0101000020E6100000C782F37F95E454404A7C7136D7F03940
11188,KOSIKALAN,Mathura,Mathura,UTTAR PRADESH,0101000020E61000000C6D347D695C5340C2F46D5967C93B40
11189,LAKHIMPUR,Lakhimpur Kheri,Lakhimpur,UTTAR PRADESH,0101000020E6100000E6ECF30BBC325440944A7332CBED3B40
11190,LALITPUR,Lalitpur,Lalitpur Tehsil,UTTAR PRADESH,0101000020E6100000B247F4D92B9B534053C3951E16B33840
11191,LUCKNOW,Lucknow,Lucknow,UTTAR PRADESH,0101000020E6100000C8E9F31715375440F71EF18B6BE03A40
11192,MADHOGANJ,Hardoi,Sandila,UTTAR PRADESH,0101000020E61000007F1BF4B316E55340EEF484FE38643B40
11193,MAHMUDABAD,Sitapur,Mahmudabad,UTTAR PRADESH,0101000020E6100000FBDFF37D624754406F665F58E34C3B40
11194,MAHOBA,Mahoba,Mahoba,UTTAR PRADESH,0101000020E61000007E10F41FF3F653400D046C81744A3940
11195,MAINPURI,Mainpuri,Mainpuri,UTTAR PRADESH,0101000020E6100000F830F4A738C053403E14B7E622393B40
11196,MATHURA,Mathura,Mathura,UTTAR PRADESH,0101000020E61000000A657473076A5340733B011C3F803B40
11197,MAURANIPUR,Jhansi,Jhansi,UTTAR PRADESH,0101000020E6100000C32BF48506C95340F69BC9D2F9413940
11198,MEERUT,Meerut,Meerut,UTTAR PRADESH,0101000020E61000000765F4DF0C695340B34BFDA5C8EF3C40
11199,MILAK,Rampur,Milak,UTTAR PRADESH,0101000020E6100000212BF4EFA9CA53407BF6E3B3479E3C40
11200,MIRZAPUR,Mirzapur,Mirzapur,UTTAR PRADESH,0101000020E610000001A9F3F8E4A35440F1910FB7A9223940
11201,MOHAMADABAD APMC,Farrukhabad,Farrukhabad,UTTAR PRADESH,0101000020E61000007F1BF4B316E55340EEF484FE38643B40
11202,MORADABAD,Moradabad,Moradabad,UTTAR PRADESH,0101000020E61000002F39F424E8B153407EBFAA1F1DD83C40
11203,MUSKERA,Hamirpur,Maudaha,UTTAR PRADESH,0101000020E6100000AE09F43F7C025440C7E93AEDB1B83940
11204,MUZZAFFARNAGAR,Muzaffarnagar,Muzaffarnagar,UTTAR PRADESH,0101000020E61000002862F4032F6E534040665E9E1F773D40
11205,NAANPARA,Bahraich,Nanpara,UTTAR PRADESH,0101000020E6100000D0B1B8221E605440A531CF5DD8DD3B40
11206,NAJIBABAD APMC,Bijnor,Najibabad,UTTAR PRADESH,0101000020E6100000CC49F4CFB2965340D460A2BE929C3D40
11207,NAUGARH APMC,Siddharth Nagar,Naugarh,UTTAR PRADESH,0101000020E61000001C95F32758C554408E36FDEA6D463B40
11208,NAUTANWA APMC,Maharajganj,Maharajganj,UTTAR PRADESH,0101000020E6100000E587F3C7DDDB54409FF30426726F3B40
11209,NAWABGANJ APMC,Gonda,Tarabganj,UTTAR PRADESH,0101000020E6100000E318F4AE63E85340B5DA3D8E7C893C40
11210,NOIDA APMC,Gautam Buddh Nagar,Gautam Buddh Nagar,UTTAR PRADESH,0101000020E6100000F465F45CEB675340E961DDBC3D593C40
11211,PALIA KALAN,Lakhimpur Kheri,Lakhimpur,UTTAR PRADESH,0101000020E6100000F0F3F38D2925544089F08FECA26E3C40
11212,PARTAWAL,Maharajganj,Maharajganj,UTTAR PRADESH,0101000020E61000001B8073F245E75440707105F060F63A40
11213,PILIBHIT,Pilibhit,Pilibhit,UTTAR PRADESH,0101000020E6100000D311F4C315F453409375478E199F3C40
11214,POWAYAN,Shahjahanpur,Powayan,UTTAR PRADESH,0101000020E61000004E07F4C71D065440E5F44F135B113C40
11215,PRATAPGARH,Pratapgarh,Done,UTTAR PRADESH,0101000020E610000036BEF397788054409133AE7652F33940
11216,PRAYAGRAJ,Prayagraj,Prayagraj,UTTAR PRADESH,0101000020E61000000CC7036A0F715440A521606480723940
11217,PURANPUR,Pilibhit,Puranpur,UTTAR PRADESH,0101000020E6100000A405F4EB230954401B909B9EED843C40
11218,RAE BARELI,Rae Bareli,Raebareli,UTTAR PRADESH,0101000020E610000069DAF35391515440276D3823295A3A40
11219,RAMPUR,Rampur,Rampur,UTTAR PRADESH,0101000020E61000006D30F40174C153401BF988B797C73C40
11220,RAMPUR BILASPUR,Rampur,Pilibhit,UTTAR PRADESH,0101000020E61000003512F4B97AF353407390A4BF374B3C40
11221,RASRA APMC,Ballia,Rasra,UTTAR PRADESH,0101000020E6100000655778E261F6544050F39C30D4DB3940
11222,RATH,Hamirpur,Rath,UTTAR PRADESH,0101000020E6100000F91BF4FFADE3534095E5631B4D953940
11223,ROBERTSGANJ,Sonbhadra,Robertsganj,UTTAR PRADESH,0101000020E6100000A095F32123C454405446D61E83AE3840
11224,SADABAD APMC,Hathras,Shoolagiri,UTTAR PRADESH,0101000020E61000009855F4B469825340DFB1DECFCF6A3B40
11225,SAFDARGANJ,Barabanki,Sirauli Gauspur,UTTAR PRADESH,0101000020E61000000AD85384A15654406DAB758B18E83A40
11226,SAHARANPUR,Saharanpur,Saharanpur,UTTAR PRADESH,0101000020E6100000ED68F4CFD7625340B51BD56A4BF83D40
11227,SAHIYAPUR,Siddharth Nagar,Tirwa,UTTAR PRADESH,0101000020E610000077ABF3CF129F5440E34D5B5F28623B40
11228,SAHJANWA APMC,Gorakhpur,Sadar,UTTAR PRADESH,0101000020E6100000758FF358B5CD5440358AB66505C33A40
11229,SAMBHAL APMC,Sambhal,Sambhal,UTTAR PRADESH,0101000020E6100000A641F4FF84A3534020F8B89394A03C40
11230,SANDILA APMC,Hardoi,Hardoi,UTTAR PRADESH,0101000020E6100000E7F7F36B14205440E6A0F917B1103B40
11231,SHAGANJ,Jaunpur,Shahganj,UTTAR PRADESH,0101000020E610000024A4F34A21AC5440A98C4387610E3A40
11232,SHAHBAD HARDOI,Hardoi,Hardoi,UTTAR PRADESH,0101000020E61000008D0DF47312FC5340CC91A13FA6A43B40
11233,SHAHJAHANPUR,Shahjahanpur,Shahjahanpur,UTTAR PRADESH,0101000020E6100000800EF4CE9AFA5340DED40521E7E13B40
11234,SHAMLI,Shamli,Shamli,UTTAR PRADESH,0101000020E6100000A771F41D205453400CB7879212723D40
11235,SHIKOHABAD,Firozabad,Shikohabad,UTTAR PRADESH,0101000020E61000001241F43F7FA55340B441B2F0011D3B40
11236,SIRSAGANJ,Firozabad,Shikohabad,UTTAR PRADESH,0101000020E6100000EF3DD0A1D1AB5340C42AF1B7B70F3B40
11237,SITAPUR,Sitapur,Sitapur Tahsil,UTTAR PRADESH,0101000020E6100000E7F1F32D482A544053DE08A172943B40
11238,SULTANPUR,Sultanpur,Sultanpur,UTTAR PRADESH,0101000020E610000008BC73F36B845440BDA94AC3DE423A40
11239,TIKUNIYA,Lakhimpur Kheri,Nighasan,UTTAR PRADESH,0101000020E6100000F3E9F38F7036544051DE514906443C40
11240,TULSIPUR APMC,Balrampur,Tulsipur,UTTAR PRADESH,0101000020E61000004CAEF3689C9A54404EDDCFE05D873B40
11241,TUNDLA,Firozabad,Tundla,UTTAR PRADESH,0101000020E6100000E04EF46BE28E53408784C688E4353B40
11242,UJHANI,Badaun,Badaun,UTTAR PRADESH,0101000020E61000009A31F4BBD9BF5340D430235857FF3B40
11243,UNNAO APMC,Unnao,Unnao,UTTAR PRADESH,0101000020E61000003AF8F349371F5440DC29E750CF8B3A40
11244,URAI,Jalaun,Orai,UTTAR PRADESH,0101000020E61000002420F4FFD2DC534076F3727521023A40
11245,VARANASI,Varanasi,Varanasi,UTTAR PRADESH,0101000020E6100000CB9773AB1DC05440C5DA0C277B5B3940
11246,WAZIRGANJ APMC,Badaun,Badaun,UTTAR PRADESH,0101000020E6100000DE2CF408C0C853405E92EAC6752D3C40
11247,BAZPUR,Udham Singh Nagar,Kashipur,UTTARAKHAND,0101000020E6100000F5CA82F08AC95340357ED267BF293D40
11248,DEHRADUN,Dehradun,Dehradun,UTTARAKHAND,0101000020E6100000B8F7F49CA680534089B769A1344E3E40
11249,GADARPUR,Udham Singh Nagar,Kichha,UTTARAKHAND,0101000020E610000026E8E9F01AD0534073F92D93020B3D40
11250,HALDWANI,Nainital,Haldwani,UTTARAKHAND,0101000020E610000080DDA41B60E15340EB3714741E323D40
11251,HARIDWAR,Haridwar,Hardwar,UTTARAKHAND,0101000020E6100000CE737D290C865340490133AC87E83D40
11252,JASPUR,Udham Singh Nagar,Kashipur,UTTARAKHAND,0101000020E610000026371B7E82B55340FFE76581B4493D40
11253,KASHIPUR,Udham Singh Nagar,Kashipur,UTTARAKHAND,0101000020E6100000D133F4D4F2BA53409EB2CE8539353D40
11254,KHATIMA,Udham Singh Nagar,Khatima,UTTARAKHAND,0101000020E6100000680C8B8874FD534063D79E5DB9E83C40
11255,KICHHA,Udham Singh Nagar,Kichha,UTTARAKHAND,0101000020E61000006FDD9326A3E0534084D392A488E83C40
11256,NANAKMATTA,Udham Singh Nagar,Sitarganj,UTTARAKHAND,0101000020E6100000C791A7103BF45340825E37F8C2F03C40
11257,RAMNAGAR,Nainital,Ramnagar,UTTARAKHAND,0101000020E6100000522DF42F5EC75340C2F9A4AA53633D40
11258,RISHIKESH,Dehradun,Rishikesh,UTTARAKHAND,0101000020E6100000282CB9F03C925340C7E155145F183E40
11259,ROORKEE,Haridwar,Haridwar,UTTARAKHAND,0101000020E6100000735C248BE578534049AD1A255AE03D40
11260,RUDRAPUR,Udham Singh Nagar,Kichha,UTTARAKHAND,0101000020E61000000801293F08DB5340B40D8D8B85F53C40
11261,SITARGANJ,Udham Singh Nagar,Sitarganj,UTTARAKHAND,0101000020E61000001D960761BFEC5340746246ADD2E93C40
11262,VIKASNAGAR,Dehradun,Vikasnagar,UTTARAKHAND,0101000020E6100000A3183E513F7F5340319D9632405A3E40
11263,BAGDA KRISHAK BAZAR,North 24 Parganas,Bagda,WEST BENGAL,0101000020E61000001597B707E6385640DC88A9AF75363740
11264,BETHUADAHARI PRINCIPAL MARKET YARD,Nadia,Nakashipara,WEST BENGAL,0101000020E6100000008A8AE3771856408828699AB69B3740
11265,BISHNUPUR,South 24 Parganas,Bishnupur – II,WEST BENGAL,0101000020E6100000B18D7CD53F125640FA77927D445D3640
11266,DHUPGURI PRINCIPAL MARKET YARD,Jalpaiguri,Dhupguri,WEST BENGAL,0101000020E610000055727C21A74056400669572636963A40
11267,FALAKATA,Alipurduar,Falakata,WEST BENGAL,0101000020E610000046FA308DF84D5640ACE422DEB1833A40
11268,GANGARAMPUR,Dakshin Dinajpur,Gangarampur,WEST BENGAL,0101000020E6100000CB437665B7235640E8DD337342663940
11269,ISLAMPUR PRINCIPAL MARKET YARD,Uttar Dinajpur,Islampur,WEST BENGAL,0101000020E61000007F92022B200B5640E992E832DB3F3A40
11270,JIYAGANJ KRISHAK BAZAR,Murshidabad,Murshidabad,WEST BENGAL,0101000020E610000053A62B8821115640381432EF1B3F3840
11271,KALNA SUB MARKET YARD,Purba Bardhaman,Kalna - II,WEST BENGAL,0101000020E61000002E8BD065FC1656401EAF4A79AB353740
11272,KARIMPUR SUBMARKET YARD,Nadia,Karimpur-I,WEST BENGAL,0101000020E610000078807C75C5285640CCCD3E6A25FB3740
11273,MOHAMAD BAZAR KRISHAK BAZAR,Birbhum,Mohammad Bazar,WEST BENGAL,0101000020E6100000AEA85C6A8FE455405CCB35FB5DFC3740
11274,NAKASHIPARA KRISHAK BAZAR,Nadia,Nakashipara,WEST BENGAL,0101000020E61000008C4BC6331F16564066ACE5EA44963740
11275,PANSKURA I KRISHAK BAZAR,Purba Medinipur,Panskura,WEST BENGAL,0101000020E6100000F0A2A35264EF554003A12CA268663640
11276,SAMSHERGANJ KRISHAK BAZAR,Murshidabad,Murshidabad Jiaganj,WEST BENGAL,0101000020E61000001D9AE2C747FD55404C48ADFD93A73840
11277,SAMSI SUB MARKET YARD,Malda,Ratua - I,WEST BENGAL,0101000020E610000060983A7C29005640A00A065DD0463940
11278,SHEORAPHULI,Hooghly,Chinsurah - Magra,WEST BENGAL,0101000020E61000008FCC72143214564080448DF892C93640
11279,SILIGURI REGULATED MARKET COMM,Darjeeling,Darjeeling,WEST BENGAL,0101000020E6100000D3C87262651A564084DB2B803DBD3A40
11280,SIMLAPAL,Bankura,Simlapal,WEST BENGAL,0101000020E61000004AFC629688C45540AEC1EEE89CEA3640

